{"metadata":{"usedHelpers":[],"marked":[],"modules":{"imports":[{"source":"react","imported":["default"],"specifiers":[{"kind":"named","imported":"default","local":"React"}]},{"source":"react-router","imported":["IndexLink","Link"],"specifiers":[{"kind":"named","imported":"IndexLink","local":"IndexLink"},{"kind":"named","imported":"Link","local":"Link"}]}],"exports":{"exported":["Navigation"],"specifiers":[{"kind":"local","local":"Navigation","exported":"Navigation"}]}}},"options":{"filename":"/imports/ui/components/navigation.jsx","filenameRelative":"/imports/ui/components/navigation.jsx","env":{},"retainLines":false,"highlightCode":true,"suppressDeprecationMessages":false,"presets":[],"plugins":[[[],{"polyfill":false}],[[],null],[[],null],[[],null],[[],null],[[],null],[[],null],[[],null],[[],null],[[],null],[[],null],[[],null],[[],null],[[],null],[[],null],[[],null],[[],{"loose":true}],[[],{"loose":true}],[[],null],[[],{"loose":true}],[[],null],[[],null],[[],null],[[],null],[[],null],[[],null],[[],null],[[],{"loose":true}],[[],null],[[],null],[[],null],[[],null],[[],null],[[],null],[[],null],[[],null]],"ignore":[],"code":true,"metadata":true,"ast":false,"comments":true,"compact":false,"minified":false,"sourceMap":true,"sourceMaps":true,"sourceMapTarget":"/imports/ui/components/navigation.jsx.map","sourceFileName":"/imports/ui/components/navigation.jsx","babelrc":false,"sourceType":"module","moduleIds":false,"passPerPreset":false,"basename":"navigation"},"ignored":false,"code":"module.export({Navigation:function(){return Navigation}});var React;module.import('react',{\"default\":function(v){React=v}});var IndexLink,Link;module.import('react-router',{\"IndexLink\":function(v){IndexLink=v},\"Link\":function(v){Link=v}});\n\n\nvar Navigation = function Navigation() {\n  return React.createElement(\n    'ul',\n    null,\n    React.createElement(\n      'li',\n      null,\n      React.createElement(\n        IndexLink,\n        { to: '/', activeClassName: 'active' },\n        'Index'\n      )\n    ),\n    React.createElement(\n      'li',\n      null,\n      React.createElement(\n        Link,\n        { to: '/one', activeClassName: 'active' },\n        'Page One'\n      )\n    ),\n    React.createElement(\n      'li',\n      null,\n      React.createElement(\n        Link,\n        { to: '/two', activeClassName: 'active' },\n        'Page Two'\n      )\n    )\n  );\n};","ast":null,"map":{"version":3,"sources":["/imports/ui/components/navigation.jsx"],"names":[],"mappings":"AAAA,OAAO,KAAP,MAAkB,OAAlB;AACA,SAAS,SAAT,EAAoB,IAApB,QAAgC,cAAhC;;AAEA,OAAO,IAAM,aAAa,SAAb,UAAa;AAAA,SACxB;AAAA;AAAA;AACE;AAAA;AAAA;AAAI;AAAC,iBAAD;AAAA,UAAW,IAAG,GAAd,EAAkB,iBAAgB,QAAlC;AAAA;AAAA;AAAJ,KADF;AAEE;AAAA;AAAA;AAAI;AAAC,YAAD;AAAA,UAAM,IAAG,MAAT,EAAgB,iBAAgB,QAAhC;AAAA;AAAA;AAAJ,KAFF;AAGE;AAAA;AAAA;AAAI;AAAC,YAAD;AAAA,UAAM,IAAG,MAAT,EAAgB,iBAAgB,QAAhC;AAAA;AAAA;AAAJ;AAHF,GADwB;AAAA,CAAnB","file":"/imports/ui/components/navigation.jsx.map","sourcesContent":["import React from 'react';\nimport { IndexLink, Link } from 'react-router';\n\nexport const Navigation = () => (\n  <ul>\n    <li><IndexLink to=\"/\" activeClassName=\"active\">Index</IndexLink></li>\n    <li><Link to=\"/one\" activeClassName=\"active\">Page One</Link></li>\n    <li><Link to=\"/two\" activeClassName=\"active\">Page Two</Link></li>\n  </ul>\n)"]},"hash":"06d380a9b7fd55fd6cbd13c8bda1ae47cde13c2b"}
