{"metadata":{"usedHelpers":[],"marked":[],"modules":{"imports":[{"source":"react","imported":["default"],"specifiers":[{"kind":"named","imported":"default","local":"React"}]}],"exports":{"exported":["Two"],"specifiers":[{"kind":"local","local":"Two","exported":"Two"}]}}},"options":{"filename":"/imports/ui/pages/two.js","filenameRelative":"/imports/ui/pages/two.js","env":{},"retainLines":false,"highlightCode":true,"suppressDeprecationMessages":false,"presets":[],"plugins":[[[],{"polyfill":false}],[[],null],[[],null],[[],null],[[],null],[[],null],[[],null],[[],null],[[],null],[[],null],[[],null],[[],null],[[],null],[[],null],[[],{"loose":true}],[[],{"loose":true}],[[],null],[[],{"loose":true}],[[],null],[[],null],[[],null],[[],null],[[],null],[[],null],[[],null],[[],{"loose":true}],[[],null],[[],null],[[],null],[[],null],[[],null],[[],null],[[],null],[[],null]],"ignore":[],"code":true,"metadata":true,"ast":false,"comments":true,"compact":false,"minified":false,"sourceMap":true,"sourceMaps":true,"sourceMapTarget":"/imports/ui/pages/two.js.map","sourceFileName":"/imports/ui/pages/two.js","babelrc":false,"sourceType":"module","moduleIds":false,"passPerPreset":false,"basename":"two"},"ignored":false,"code":"module.export({Two:function(){return Two}});var React;module.import('react',{\"default\":function(v){React=v}});\n\nvar Two = function Two() {\n\treturn React.createElement(\n\t\t\"div\",\n\t\tnull,\n\t\tReact.createElement(\n\t\t\t\"h3\",\n\t\t\tnull,\n\t\t\t\"One...............\"\n\t\t),\n\t\tReact.createElement(\n\t\t\t\"ul\",\n\t\t\t{ className: \"media-list list-group\" },\n\t\t\tReact.createElement(\n\t\t\t\t\"li\",\n\t\t\t\tnull,\n\t\t\t\t\"1\"\n\t\t\t),\n\t\t\tReact.createElement(\n\t\t\t\t\"li\",\n\t\t\t\tnull,\n\t\t\t\t\"2\"\n\t\t\t),\n\t\t\tReact.createElement(\n\t\t\t\t\"li\",\n\t\t\t\tnull,\n\t\t\t\t\"3\"\n\t\t\t)\n\t\t)\n\t);\n};","ast":null,"map":{"version":3,"sources":["/imports/ui/pages/two.js"],"names":[],"mappings":"AAAA,OAAO,KAAP,MAAkB,OAAlB;;AAEA,OAAO,IAAM,MAAM,SAAN,GAAM,GAAM;AACxB,QACC;AAAA;AAAA;AACC;AAAA;AAAA;AAAA;AAAA,GADD;AAEC;AAAA;AAAA,KAAI,WAAU,uBAAd;AACC;AAAA;AAAA;AAAA;AAAA,IADD;AAEC;AAAA;AAAA;AAAA;AAAA,IAFD;AAGC;AAAA;AAAA;AAAA;AAAA;AAHD;AAFD,EADD;AAUA,CAXM","file":"/imports/ui/pages/two.js.map","sourcesContent":["import React from 'react';\n\nexport const Two = () => {\n\treturn (\n\t\t<div>\n\t\t\t<h3>One...............</h3>\n\t\t\t<ul className=\"media-list list-group\">\n\t\t\t\t<li>1</li>\n\t\t\t\t<li>2</li>\n\t\t\t\t<li>3</li>\n\t\t\t</ul>\n\t\t</div>\n\t\t);\n}"]},"hash":"090457f26c35ff56f83d73190daabee10a5a7835"}
