{"metadata":{"usedHelpers":[],"marked":[],"modules":{"imports":[{"source":"react","imported":["default"],"specifiers":[{"kind":"named","imported":"default","local":"React"}]},{"source":"react-dom","imported":["render"],"specifiers":[{"kind":"named","imported":"render","local":"render"}]},{"source":"react-router","imported":["Router","Route","IndexRoute","browserHistory"],"specifiers":[{"kind":"named","imported":"Router","local":"Router"},{"kind":"named","imported":"Route","local":"Route"},{"kind":"named","imported":"IndexRoute","local":"IndexRoute"},{"kind":"named","imported":"browserHistory","local":"browserHistory"}]},{"source":"../../ui/layouts/app.jsx","imported":["App"],"specifiers":[{"kind":"named","imported":"App","local":"App"}]},{"source":"../../ui/components/index.jsx","imported":["Index"],"specifiers":[{"kind":"named","imported":"Index","local":"Index"}]}],"exports":{"exported":[],"specifiers":[]}}},"options":{"filename":"/imports/startup/client/routes.jsx","filenameRelative":"/imports/startup/client/routes.jsx","env":{},"retainLines":false,"highlightCode":true,"suppressDeprecationMessages":false,"presets":[],"plugins":[[[],{"polyfill":false}],[[],null],[[],null],[[],null],[[],null],[[],null],[[],null],[[],null],[[],null],[[],null],[[],null],[[],null],[[],null],[[],null],[[],null],[[],null],[[],{"loose":true}],[[],{"loose":true}],[[],null],[[],{"loose":true}],[[],null],[[],null],[[],null],[[],null],[[],null],[[],null],[[],null],[[],{"loose":true}],[[],null],[[],null],[[],null],[[],null],[[],null],[[],null],[[],null],[[],null]],"ignore":[],"code":true,"metadata":true,"ast":false,"comments":true,"compact":false,"minified":false,"sourceMap":true,"sourceMaps":true,"sourceMapTarget":"/imports/startup/client/routes.jsx.map","sourceFileName":"/imports/startup/client/routes.jsx","babelrc":false,"sourceType":"module","moduleIds":false,"passPerPreset":false,"basename":"routes"},"ignored":false,"code":"var React;module.import('react',{\"default\":function(v){React=v}});var render;module.import('react-dom',{\"render\":function(v){render=v}});var Router,Route,IndexRoute,browserHistory;module.import('react-router',{\"Router\":function(v){Router=v},\"Route\":function(v){Route=v},\"IndexRoute\":function(v){IndexRoute=v},\"browserHistory\":function(v){browserHistory=v}});var App;module.import('../../ui/layouts/app.jsx',{\"App\":function(v){App=v}});var Index;module.import('../../ui/components/index.jsx',{\"Index\":function(v){Index=v}});\n\n\n\n\n\n\n//import { One } from '../../ui/pages/one.jsx';\n//import { Two } from '../../ui/pages/two.jsx';\n\nMeteor.startup(function () {\n  render(React.createElement(\n    Router,\n    { history: browserHistory },\n    React.createElement(\n      Route,\n      { path: '/', component: App },\n      React.createElement(IndexRoute, { component: Index })\n    )\n  ), document.getElementById('react-root'));\n});","ast":null,"map":{"version":3,"sources":["/imports/startup/client/routes.jsx"],"names":[],"mappings":"AAAA,OAAO,KAAP,MAAkB,OAAlB;AACA,SAAS,MAAT,QAAuB,WAAvB;AACA,SAAS,MAAT,EAAiB,KAAjB,EAAwB,UAAxB,EAAoC,cAApC,QAA0D,cAA1D;;AAEA,SAAS,GAAT,QAAoB,0BAApB;AACA,SAAS,KAAT,QAAsB,+BAAtB;;;;;AAKA,OAAO,OAAP,CAAgB,YAAM;AACpB,SACE;AAAC,UAAD;AAAA,MAAQ,SAAU,cAAlB;AACE;AAAC,WAAD;AAAA,QAAO,MAAK,GAAZ,EAAgB,WAAY,GAA5B;AACE,0BAAC,UAAD,IAAY,WAAY,KAAxB;AADF;AADF,GADF,EAME,SAAS,cAAT,CAAyB,YAAzB,CANF;AAQD,CATD","file":"/imports/startup/client/routes.jsx.map","sourcesContent":["import React from 'react';\nimport { render } from 'react-dom';\nimport { Router, Route, IndexRoute, browserHistory } from 'react-router';\n\nimport { App } from '../../ui/layouts/app.jsx';\nimport { Index } from '../../ui/components/index.jsx';\n\n//import { One } from '../../ui/pages/one.jsx';\n//import { Two } from '../../ui/pages/two.jsx';\n\nMeteor.startup( () => {\n  render(\n    <Router history={ browserHistory }>\n      <Route path=\"/\" component={ App }>\n        <IndexRoute component={ Index } />\n        </Route>\n    </Router>,\n    document.getElementById( 'react-root' )\n  );\n});\n"]},"hash":"396b5717635fb8a37670eee7921b401f31956909"}
