{"metadata":{"usedHelpers":[],"marked":[],"modules":{"imports":[{"source":"react","imported":["default"],"specifiers":[{"kind":"named","imported":"default","local":"React"}]},{"source":"react-router","imported":["IndexLink","Link"],"specifiers":[{"kind":"named","imported":"IndexLink","local":"IndexLink"},{"kind":"named","imported":"Link","local":"Link"}]}],"exports":{"exported":["Navigation"],"specifiers":[{"kind":"local","local":"Navigation","exported":"Navigation"}]}}},"options":{"filename":"/imports/ui/components/navigation.jsx","filenameRelative":"/imports/ui/components/navigation.jsx","env":{},"retainLines":false,"highlightCode":true,"suppressDeprecationMessages":false,"presets":[],"plugins":[[[],{"polyfill":false}],[[],null],[[],null],[[],null],[[],null],[[],null],[[],null],[[],null],[[],null],[[],null],[[],null],[[],null],[[],null],[[],null],[[],null],[[],null],[[],{"loose":true}],[[],{"loose":true}],[[],null],[[],{"loose":true}],[[],null],[[],null],[[],null],[[],null],[[],null],[[],null],[[],null],[[],{"loose":true}],[[],null],[[],null],[[],null],[[],null],[[],null],[[],null],[[],null],[[],null]],"ignore":[],"code":true,"metadata":true,"ast":false,"comments":true,"compact":false,"minified":false,"sourceMap":true,"sourceMaps":true,"sourceMapTarget":"/imports/ui/components/navigation.jsx.map","sourceFileName":"/imports/ui/components/navigation.jsx","babelrc":false,"sourceType":"module","moduleIds":false,"passPerPreset":false,"basename":"navigation"},"ignored":false,"code":"module.export({Navigation:function(){return Navigation}});var React;module.import('react',{\"default\":function(v){React=v}});var IndexLink,Link;module.import('react-router',{\"IndexLink\":function(v){IndexLink=v},\"Link\":function(v){Link=v}});\n\n\nvar Navigation = function Navigation() {\n  return(\n    /*<ul>\n      <li><IndexLink to=\"/\" activeClassName=\"active\">Index</IndexLink></li>\n      <li><Link to=\"/one\" activeClassName=\"active\">Page One</Link></li>\n      <li><Link to=\"/two\" activeClassName=\"active\">Page Two</Link></li>\n    </ul>*/\n\n    React.createElement(\n      'div',\n      { className: 'art-nav __web-inspector-hide-shortcut__' },\n      React.createElement('div', { className: 'art-nav-l' }),\n      React.createElement('div', { className: 'art-nav-r' }),\n      React.createElement(\n        'div',\n        { className: 'art-nav-outer' },\n        React.createElement(\n          'div',\n          { className: 'art-nav-wrapper' },\n          React.createElement(\n            'div',\n            { className: 'art-nav-inner' },\n            React.createElement(\n              'ul',\n              { className: 'art-hmenu' },\n              React.createElement(\n                'li',\n                null,\n                React.createElement(\n                  Link,\n                  { to: '/', className: 'active' },\n                  React.createElement('span', { className: 'l' }),\n                  React.createElement('span', { className: 'r' }),\n                  React.createElement(\n                    'span',\n                    { className: 't' },\n                    'Home'\n                  )\n                )\n              ),\n              React.createElement(\n                'li',\n                { className: 'art-hmenu-li-separator' },\n                React.createElement(\n                  'span',\n                  { className: 'art-hmenu-separator' },\n                  ' '\n                )\n              ),\n              React.createElement(\n                'li',\n                null,\n                React.createElement(\n                  Link,\n                  { to: '/about_us' },\n                  React.createElement('span', { className: 'l' }),\n                  React.createElement('span', { className: 'r' }),\n                  React.createElement(\n                    'span',\n                    { className: 't' },\n                    'About Us'\n                  )\n                )\n              ),\n              React.createElement(\n                'li',\n                null,\n                React.createElement(\n                  Link,\n                  { to: '/contact_us' },\n                  React.createElement('span', { className: 'l' }),\n                  React.createElement('span', { className: 'r' }),\n                  React.createElement(\n                    'span',\n                    { className: 't' },\n                    'Contact Us'\n                  )\n                )\n              )\n            )\n          )\n        )\n      )\n    )\n  );\n};","ast":null,"map":{"version":3,"sources":["/imports/ui/components/navigation.jsx"],"names":[],"mappings":"AAAA,OAAO,KAAP,MAAkB,OAAlB;AACA,SAAS,SAAT,EAAoB,IAApB,QAAgC,cAAhC;;AAEA,OAAO,IAAM,aAAa,SAAb,UAAa;AAAA,Q;;;;;;;AAOxB;AAAA;AAAA,QAAK,WAAU,yCAAf;AACU,mCAAK,WAAU,WAAf,GADV;AAEU,mCAAK,WAAU,WAAf,GAFV;AAGU;AAAA;AAAA,UAAK,WAAU,eAAf;AACI;AAAA;AAAA,YAAK,WAAU,iBAAf;AACI;AAAA;AAAA,cAAK,WAAU,eAAf;AACI;AAAA;AAAA,gBAAI,WAAU,WAAd;AACE;AAAA;AAAA;AACE;AAAC,sBAAD;AAAA,oBAAM,IAAG,GAAT,EAAa,WAAU,QAAvB;AAAgC,gDAAM,WAAU,GAAhB,GAAhC;AAA2D,gDAAM,WAAU,GAAhB,GAA3D;AAAsF;AAAA;AAAA,sBAAM,WAAU,GAAhB;AAAA;AAAA;AAAtF;AADF,eADF;AAGO;AAAA;AAAA,kBAAI,WAAU,wBAAd;AAAuC;AAAA;AAAA,oBAAM,WAAU,qBAAhB;AAAA;AAAA;AAAvC,eAHP;AAIE;AAAA;AAAA;AACE;AAAC,sBAAD;AAAA,oBAAM,IAAG,WAAT;AAAqB,gDAAM,WAAU,GAAhB,GAArB;AAAgD,gDAAM,WAAU,GAAhB,GAAhD;AAA2E;AAAA;AAAA,sBAAM,WAAU,GAAhB;AAAA;AAAA;AAA3E;AADF,eAJF;AAOE;AAAA;AAAA;AACE;AAAC,sBAAD;AAAA,oBAAM,IAAG,aAAT;AAAuB,gDAAM,WAAU,GAAhB,GAAvB;AAAkD,gDAAM,WAAU,GAAhB,GAAlD;AAA6E;AAAA;AAAA,sBAAM,WAAU,GAAhB;AAAA;AAAA;AAA7E;AADF;AAPF;AADJ;AADJ;AADJ;AAHV;AAPwB;AAAA,CAAnB","file":"/imports/ui/components/navigation.jsx.map","sourcesContent":["import React from 'react';\nimport { IndexLink, Link } from 'react-router';\n\nexport const Navigation = () => (\n  /*<ul>\n    <li><IndexLink to=\"/\" activeClassName=\"active\">Index</IndexLink></li>\n    <li><Link to=\"/one\" activeClassName=\"active\">Page One</Link></li>\n    <li><Link to=\"/two\" activeClassName=\"active\">Page Two</Link></li>\n  </ul>*/\n\n  <div className=\"art-nav __web-inspector-hide-shortcut__\">\n            <div className=\"art-nav-l\"></div>\n            <div className=\"art-nav-r\"></div>\n            <div className=\"art-nav-outer\">\n                <div className=\"art-nav-wrapper\">\n                    <div className=\"art-nav-inner\">\n                        <ul className=\"art-hmenu\">\n                          <li>\n                            <Link to=\"/\" className=\"active\"><span className=\"l\"></span><span className=\"r\"></span><span className=\"t\">Home</span></Link>\n                          </li><li className=\"art-hmenu-li-separator\"><span className=\"art-hmenu-separator\"> </span></li> \n                          <li>\n                            <Link to=\"/about_us\"><span className=\"l\"></span><span className=\"r\"></span><span className=\"t\">About Us</span></Link>\n                          </li> \n                          <li>\n                            <Link to=\"/contact_us\"><span className=\"l\"></span><span className=\"r\"></span><span className=\"t\">Contact Us</span></Link>\n                          </li> \n                        </ul>\n                    </div>\n                </div>\n            </div>\n        </div>\n)"]},"hash":"4095df88c4ad4b18f1b195eec2b153bfe6c7105d"}
