{"metadata":{"usedHelpers":[],"marked":[],"modules":{"imports":[{"source":"meteor/mongo","imported":["Mongo"],"specifiers":[{"kind":"named","imported":"Mongo","local":"Mongo"}]}],"exports":{"exported":["Tasks"],"specifiers":[{"kind":"local","local":"Tasks","exported":"Tasks"}]}}},"options":{"filename":"/imports/collections/descriptions.js","filenameRelative":"/imports/collections/descriptions.js","env":{},"retainLines":false,"highlightCode":true,"suppressDeprecationMessages":false,"presets":[],"plugins":[[[],{"polyfill":false}],[[],null],[[],null],[[],null],[[],null],[[],null],[[],null],[[],null],[[],null],[[],null],[[],null],[[],null],[[],null],[[],null],[[],null],[[],null],[[],{"loose":true}],[[],{"loose":true}],[[],null],[[],{"loose":true}],[[],null],[[],null],[[],null],[[],null],[[],null],[[],null],[[],null],[[],{"loose":true}],[[],null],[[],null],[[],null],[[],null],[[],null],[[],null],[[],null],[[],null]],"ignore":[],"code":true,"metadata":true,"ast":false,"comments":true,"compact":false,"minified":false,"sourceMap":true,"sourceMaps":true,"sourceMapTarget":"/imports/collections/descriptions.js.map","sourceFileName":"/imports/collections/descriptions.js","babelrc":false,"sourceType":"module","moduleIds":false,"passPerPreset":false,"basename":"descriptions"},"ignored":false,"code":"module.export({Tasks:function(){return Tasks}});var Mongo;module.import('meteor/mongo',{\"Mongo\":function(v){Mongo=v}});\n\nvar Tasks = new Mongo.Collection('tasks');\n\nTasks.insert({\n  title: 'Heading',\n  url: 'preview.jpg',\n  detail: 'Lorem ipsum dolor sit amet, consectetur adipiscing elit. Etiam pharetra, tellus sit amet congue vulputate, nisi erat iaculis nibh, vitae feugiat sapien ante eget mauris. Cras elit nisl, rhoncus nec iaculis ultricies, feugiat eget sapien. Pellentesque ac felis tellus.Aenean sollicitudin imperdiet arcu, vitae dignissim est posuere id. Duis placerat justo eu nunc interdum ultrices. Phasellus elit dolor, porttitor id consectetur sit amet, posuere id magna. Lorem ipsum dolor sit amet, consectetur adipiscing elit.Suspendisse pharetra auctor pharetra. Nunc a sollicitudin est. Curabitur ullamcorper gravida felis, sit amet scelerisque lorem iaculis sed. Donec vel neque in neque porta venenatis sed sit amet lectus. Fusce ornare elit nisl, feugiat bibendum lorem. Vivamus pretium dictum sem vel laoreet. In fringilla pharetra purus, semper vulputate ligula cursus in. Donec at nunc nec dui laoreet porta eu eu ipsum. Sed eget lacus sit amet risus elementum dictum.',\n  blok_title: 'New Block',\n  block_content: 'Enter Block content here...  Lorem ipsum dolor sit amet, consectetur adipiscing elit. Etiam pharetra, tellus sit amet congue vulputate, nisi erat iaculis nibh, vitae feugiat sapien ante eget mauris.',\n  createdAt: new Date()\n});","ast":null,"map":{"version":3,"sources":["/imports/collections/descriptions.js"],"names":[],"mappings":"AAAE,SAAS,KAAT,QAAsB,cAAtB;;AAEF,OAAO,IAAM,QAAQ,IAAI,MAAM,UAAV,CAAqB,OAArB,CAAd;;AAGP,MAAM,MAAN,CAAa;AACX,SAAO,SADI;AAEX,OAAK,aAFM;AAGX,UAAQ,q8BAHG;AAIX,cAAY,WAJD;AAKX,iBAAe,wMALJ;AAMX,aAAW,IAAI,IAAJ;AANA,CAAb","file":"/imports/collections/descriptions.js.map","sourcesContent":["  import { Mongo } from 'meteor/mongo';\r\n\r\nexport const Tasks = new Mongo.Collection('tasks');\r\n\r\n\r\nTasks.insert({\r\n  title: 'Heading',\r\n  url: 'preview.jpg',\r\n  detail: 'Lorem ipsum dolor sit amet, consectetur adipiscing elit. Etiam pharetra, tellus sit amet congue vulputate, nisi erat iaculis nibh, vitae feugiat sapien ante eget mauris. Cras elit nisl, rhoncus nec iaculis ultricies, feugiat eget sapien. Pellentesque ac felis tellus.Aenean sollicitudin imperdiet arcu, vitae dignissim est posuere id. Duis placerat justo eu nunc interdum ultrices. Phasellus elit dolor, porttitor id consectetur sit amet, posuere id magna. Lorem ipsum dolor sit amet, consectetur adipiscing elit.Suspendisse pharetra auctor pharetra. Nunc a sollicitudin est. Curabitur ullamcorper gravida felis, sit amet scelerisque lorem iaculis sed. Donec vel neque in neque porta venenatis sed sit amet lectus. Fusce ornare elit nisl, feugiat bibendum lorem. Vivamus pretium dictum sem vel laoreet. In fringilla pharetra purus, semper vulputate ligula cursus in. Donec at nunc nec dui laoreet porta eu eu ipsum. Sed eget lacus sit amet risus elementum dictum.',\r\n  blok_title: 'New Block',\r\n  block_content: 'Enter Block content here...  Lorem ipsum dolor sit amet, consectetur adipiscing elit. Etiam pharetra, tellus sit amet congue vulputate, nisi erat iaculis nibh, vitae feugiat sapien ante eget mauris.',\r\n  createdAt: new Date()\r\n});\r\n"]},"hash":"46d1ce732d3c4f1c64f893f804ebb6ee728a37a9"}
