{"metadata":{"usedHelpers":[],"marked":[],"modules":{"imports":[],"exports":{"exported":[],"specifiers":[]}}},"options":{"filename":"/imports/ui/two.jsx","filenameRelative":"/imports/ui/two.jsx","env":{},"retainLines":false,"highlightCode":true,"suppressDeprecationMessages":false,"presets":[],"plugins":[[[],{"polyfill":false}],[[],null],[[],null],[[],null],[[],null],[[],null],[[],null],[[],null],[[],null],[[],null],[[],null],[[],null],[[],null],[[],null],[[],{"loose":true}],[[],{"loose":true}],[[],null],[[],{"loose":true}],[[],null],[[],null],[[],null],[[],null],[[],null],[[],null],[[],null],[[],{"loose":true}],[[],null],[[],null],[[],null],[[],null],[[],null],[[],null],[[],null],[[],null]],"ignore":[],"code":true,"metadata":true,"ast":false,"comments":true,"compact":false,"minified":false,"sourceMap":true,"sourceMaps":true,"sourceMapTarget":"/imports/ui/two.jsx.map","sourceFileName":"/imports/ui/two.jsx","babelrc":false,"sourceType":"module","moduleIds":false,"passPerPreset":false,"basename":"two"},"ignored":false,"code":"dsfdf;","ast":null,"map":{"version":3,"sources":["/imports/ui/two.jsx"],"names":[],"mappings":"AAAA","file":"/imports/ui/two.jsx.map","sourcesContent":["dsfdf"]},"hash":"5e7d01bcb078059c4f33347cb085279657f28c16"}
