{"metadata":{"usedHelpers":[],"marked":[],"modules":{"imports":[{"source":"./main.html","imported":[],"specifiers":[]},{"source":"/imports/startup/client","imported":[],"specifiers":[]}],"exports":{"exported":[],"specifiers":[]}}},"options":{"filename":"/client/main.js","filenameRelative":"/client/main.js","env":{},"retainLines":false,"highlightCode":true,"suppressDeprecationMessages":false,"presets":[],"plugins":[[[],{"polyfill":false}],[[],null],[[],null],[[],null],[[],null],[[],null],[[],null],[[],null],[[],null],[[],null],[[],null],[[],null],[[],null],[[],null],[[],null],[[],null],[[],{"loose":true}],[[],{"loose":true}],[[],null],[[],{"loose":true}],[[],null],[[],null],[[],null],[[],null],[[],null],[[],null],[[],null],[[],{"loose":true}],[[],null],[[],null],[[],null],[[],null],[[],null],[[],null],[[],null],[[],null]],"ignore":[],"code":true,"metadata":true,"ast":false,"comments":true,"compact":false,"minified":false,"sourceMap":true,"sourceMaps":true,"sourceMapTarget":"/client/main.js.map","sourceFileName":"/client/main.js","babelrc":false,"sourceType":"module","moduleIds":false,"passPerPreset":false,"basename":"main"},"ignored":false,"code":"module.import('./main.html');module.import('/imports/startup/client');\n","ast":null,"map":{"version":3,"sources":["/client/main.js"],"names":[],"mappings":"AAAA,OAAO,aAAP;AACA,OAAO,yBAAP","file":"/client/main.js.map","sourcesContent":["import './main.html';\nimport '/imports/startup/client';\n"]},"hash":"82804f593f72c2fa42855f3118ea0cff067b3e2c"}
