{"metadata":{"usedHelpers":[],"marked":[],"modules":{"imports":[{"source":"react","imported":["default"],"specifiers":[{"kind":"named","imported":"default","local":"React"}]}],"exports":{"exported":["Index"],"specifiers":[{"kind":"local","local":"Index","exported":"Index"}]}}},"options":{"filename":"/imports/ui/components/index.jsx","filenameRelative":"/imports/ui/components/index.jsx","env":{},"retainLines":false,"highlightCode":true,"suppressDeprecationMessages":false,"presets":[],"plugins":[[[],{"polyfill":false}],[[],null],[[],null],[[],null],[[],null],[[],null],[[],null],[[],null],[[],null],[[],null],[[],null],[[],null],[[],null],[[],null],[[],{"loose":true}],[[],{"loose":true}],[[],null],[[],{"loose":true}],[[],null],[[],null],[[],null],[[],null],[[],null],[[],null],[[],null],[[],{"loose":true}],[[],null],[[],null],[[],null],[[],null],[[],null],[[],null],[[],null],[[],null]],"ignore":[],"code":true,"metadata":true,"ast":false,"comments":true,"compact":false,"minified":false,"sourceMap":true,"sourceMaps":true,"sourceMapTarget":"/imports/ui/components/index.jsx.map","sourceFileName":"/imports/ui/components/index.jsx","babelrc":false,"sourceType":"module","moduleIds":false,"passPerPreset":false,"basename":"index"},"ignored":false,"code":"module.export({Index:function(){return Index}});var React;module.import('react',{\"default\":function(v){React=v}});\n\nvar Index = function Index() {\n  return React.createElement(\n    'h3',\n    null,\n    'Home'\n  );\n};","ast":null,"map":{"version":3,"sources":["/imports/ui/components/index.jsx"],"names":[],"mappings":"AAAA,OAAO,KAAP,MAAkB,OAAlB;;AAEA,OAAO,IAAM,QAAQ,SAAR,KAAQ;AAAA,SAAM;AAAA;AAAA;AAAA;AAAA,GAAN;AAAA,CAAd","file":"/imports/ui/components/index.jsx.map","sourcesContent":["import React from 'react';\n\nexport const Index = () => <h3>Home</h3>;"]},"hash":"86bf6b2fdce7a346fbaa51bd62fab2b2f0635051"}
