{"metadata":{"usedHelpers":[],"marked":[],"modules":{"imports":[{"source":"react","imported":["default"],"specifiers":[{"kind":"named","imported":"default","local":"React"}]}],"exports":{"exported":["One"],"specifiers":[{"kind":"local","local":"One","exported":"One"}]}}},"options":{"filename":"/imports/ui/pages/one.jsx","filenameRelative":"/imports/ui/pages/one.jsx","env":{},"retainLines":false,"highlightCode":true,"suppressDeprecationMessages":false,"presets":[],"plugins":[[[],{"polyfill":false}],[[],null],[[],null],[[],null],[[],null],[[],null],[[],null],[[],null],[[],null],[[],null],[[],null],[[],null],[[],null],[[],null],[[],{"loose":true}],[[],{"loose":true}],[[],null],[[],{"loose":true}],[[],null],[[],null],[[],null],[[],null],[[],null],[[],null],[[],null],[[],{"loose":true}],[[],null],[[],null],[[],null],[[],null],[[],null],[[],null],[[],null],[[],null]],"ignore":[],"code":true,"metadata":true,"ast":false,"comments":true,"compact":false,"minified":false,"sourceMap":true,"sourceMaps":true,"sourceMapTarget":"/imports/ui/pages/one.jsx.map","sourceFileName":"/imports/ui/pages/one.jsx","babelrc":false,"sourceType":"module","moduleIds":false,"passPerPreset":false,"basename":"one"},"ignored":false,"code":"module.export({One:function(){return One}});var React;module.import('react',{\"default\":function(v){React=v}});\n\nvar One = function One() {\n  return React.createElement(\n    'h3',\n    null,\n    'One'\n  );\n};","ast":null,"map":{"version":3,"sources":["/imports/ui/pages/one.jsx"],"names":[],"mappings":"AAAA,OAAO,KAAP,MAAkB,OAAlB;;AAEA,OAAO,IAAM,MAAM,SAAN,GAAM;AAAA,SAAM;AAAA;AAAA;AAAA;AAAA,GAAN;AAAA,CAAZ","file":"/imports/ui/pages/one.jsx.map","sourcesContent":["import React from 'react';\n\nexport const One = () => <h3>One</h3>;"]},"hash":"93509aa29349f82c63f4c205f0ca2d0fd6d090ee"}
