{"metadata":{"usedHelpers":[],"marked":[],"modules":{"imports":[{"source":"react","imported":["default"],"specifiers":[{"kind":"named","imported":"default","local":"React"}]},{"source":"react-router","imported":["IndexLink","Link"],"specifiers":[{"kind":"named","imported":"IndexLink","local":"IndexLink"},{"kind":"named","imported":"Link","local":"Link"}]}],"exports":{"exported":["Navigation"],"specifiers":[{"kind":"local","local":"Navigation","exported":"Navigation"}]}}},"options":{"filename":"/imports/ui/components/navigation.jsx","filenameRelative":"/imports/ui/components/navigation.jsx","env":{},"retainLines":false,"highlightCode":true,"suppressDeprecationMessages":false,"presets":[],"plugins":[[[],{"polyfill":false}],[[],null],[[],null],[[],null],[[],null],[[],null],[[],null],[[],null],[[],null],[[],null],[[],null],[[],null],[[],null],[[],null],[[],null],[[],null],[[],{"loose":true}],[[],{"loose":true}],[[],null],[[],{"loose":true}],[[],null],[[],null],[[],null],[[],null],[[],null],[[],null],[[],null],[[],{"loose":true}],[[],null],[[],null],[[],null],[[],null],[[],null],[[],null],[[],null],[[],null]],"ignore":[],"code":true,"metadata":true,"ast":false,"comments":true,"compact":false,"minified":false,"sourceMap":true,"sourceMaps":true,"sourceMapTarget":"/imports/ui/components/navigation.jsx.map","sourceFileName":"/imports/ui/components/navigation.jsx","babelrc":false,"sourceType":"module","moduleIds":false,"passPerPreset":false,"basename":"navigation"},"ignored":false,"code":"module.export({Navigation:function(){return Navigation}});var React;module.import('react',{\"default\":function(v){React=v}});var IndexLink,Link;module.import('react-router',{\"IndexLink\":function(v){IndexLink=v},\"Link\":function(v){Link=v}});\n\n\n/*\nexport const Navigation = () => (\n  <ul>\n    <li><IndexLink to=\"/\" activeClassName=\"active\">Index</IndexLink></li>\n    <li><Link to=\"/one\" activeClassName=\"active\">Page One</Link></li>\n    <li><Link to=\"/two\" activeClassName=\"active\">Page Two</Link></li>\n  </ul>\n)\n*/\n\nvar Navigation = function Navigation() {\n    return React.createElement(\n        'div',\n        { id: 'art-main' },\n        React.createElement('div', { className: 'cleared reset-box' }),\n        React.createElement(\n            'div',\n            { className: 'art-nav' },\n            React.createElement('div', { className: 'art-nav-l' }),\n            React.createElement('div', { className: 'art-nav-r' }),\n            React.createElement(\n                'div',\n                { className: 'art-nav-outer' },\n                React.createElement(\n                    'div',\n                    { className: 'art-nav-wrapper' },\n                    React.createElement(\n                        'div',\n                        { className: 'art-nav-inner' },\n                        React.createElement(\n                            'ul',\n                            { className: 'art-hmenu' },\n                            React.createElement(\n                                'li',\n                                null,\n                                React.createElement(\n                                    'a',\n                                    { href: '/', className: 'active' },\n                                    React.createElement('span', { className: 'l' }),\n                                    React.createElement('span', { className: 'r' }),\n                                    React.createElement(\n                                        'span',\n                                        { className: 't' },\n                                        'Home'\n                                    )\n                                )\n                            ),\n                            React.createElement(\n                                'li',\n                                { className: 'art-hmenu-li-separator' },\n                                React.createElement(\n                                    'span',\n                                    { className: 'art-hmenu-separator' },\n                                    ' '\n                                )\n                            ),\n                            React.createElement(\n                                'li',\n                                null,\n                                React.createElement(\n                                    'a',\n                                    { href: '/about_us' },\n                                    React.createElement('span', { className: 'l' }),\n                                    React.createElement('span', { className: 'r' }),\n                                    React.createElement(\n                                        'span',\n                                        { className: 't' },\n                                        'About Us'\n                                    )\n                                )\n                            ),\n                            React.createElement(\n                                'li',\n                                null,\n                                React.createElement(\n                                    'a',\n                                    { href: '/contact_us' },\n                                    React.createElement('span', { className: 'l' }),\n                                    React.createElement('span', { className: 'r' }),\n                                    React.createElement(\n                                        'span',\n                                        { className: 't' },\n                                        'Contact Us'\n                                    )\n                                )\n                            )\n                        )\n                    )\n                )\n            )\n        ),\n        React.createElement('div', { className: 'cleared reset-box' }),\n        React.createElement(\n            'div',\n            { className: 'art-header' },\n            React.createElement(\n                'div',\n                { className: 'art-header-clip' },\n                React.createElement(\n                    'div',\n                    { className: 'art-header-center' },\n                    React.createElement('div', { className: 'art-header-jpeg' })\n                )\n            ),\n            React.createElement(\n                'div',\n                { className: 'art-header-wrapper' },\n                React.createElement(\n                    'div',\n                    { className: 'art-header-inner' },\n                    React.createElement(\n                        'div',\n                        { className: 'art-logo' },\n                        React.createElement(\n                            'h1',\n                            { className: 'art-logo-name' },\n                            React.createElement(\n                                'a',\n                                { href: './index.html' },\n                                'Enter Site Title'\n                            )\n                        ),\n                        React.createElement(\n                            'h2',\n                            { className: 'art-logo-text' },\n                            'Enter Site Slogan'\n                        )\n                    )\n                )\n            )\n        ),\n        React.createElement('div', { className: 'cleared reset-box' }),\n        React.createElement(\n            'div',\n            { className: 'art-sheet' },\n            React.createElement(\n                'div',\n                { className: 'art-sheet-body' },\n                React.createElement('div', { className: 'art-content-layout' }),\n                React.createElement('div', { className: 'cleared' }),\n                React.createElement('div', { className: 'cleared' })\n            )\n        ),\n        React.createElement(\n            'div',\n            { className: 'art-footer' },\n            React.createElement('div', { className: 'art-footer-t' }),\n            React.createElement(\n                'div',\n                { className: 'art-footer-body' },\n                React.createElement(\n                    'div',\n                    { className: 'art-footer-center' },\n                    React.createElement(\n                        'div',\n                        { className: 'art-footer-wrapper' },\n                        React.createElement(\n                            'div',\n                            { className: 'art-footer-text' },\n                            React.createElement('a', { href: '#', className: 'art-rss-tag-icon', title: 'RSS' }),\n                            React.createElement(\n                                'p',\n                                null,\n                                React.createElement(\n                                    'a',\n                                    { href: '#' },\n                                    'Link1'\n                                ),\n                                ' | ',\n                                React.createElement(\n                                    'a',\n                                    { href: '#' },\n                                    'Link2'\n                                ),\n                                ' | ',\n                                React.createElement(\n                                    'a',\n                                    { href: '#' },\n                                    'Link3'\n                                )\n                            ),\n                            React.createElement(\n                                'p',\n                                null,\n                                'Copyright © 2011. All Rights Reserved.'\n                            ),\n                            React.createElement('div', { className: 'cleared' }),\n                            React.createElement(\n                                'p',\n                                { className: 'art-page-footer' },\n                                React.createElement(\n                                    'a',\n                                    { href: 'http://www.2createawebsite.com/artisteer' },\n                                    'Website Template created with Artisteer'\n                                ),\n                                '.'\n                            )\n                        )\n                    )\n                ),\n                React.createElement('div', { className: 'cleared' })\n            )\n        ),\n        React.createElement('div', { className: 'cleared' })\n    );\n};","ast":null,"map":{"version":3,"sources":["/imports/ui/components/navigation.jsx"],"names":[],"mappings":"AAAA,OAAO,KAAP,MAAkB,OAAlB;AACA,SAAS,SAAT,EAAoB,IAApB,QAAgC,cAAhC;;;;;;;;;;;;AAYA,OAAO,IAAM,aAAY,SAAZ,UAAY;AAAA,WACxB;AAAA;AAAA,UAAK,IAAG,UAAR;AACO,qCAAK,WAAU,mBAAf,GADP;AAEO;AAAA;AAAA,cAAK,WAAU,SAAf;AACI,yCAAK,WAAU,WAAf,GADJ;AAEI,yCAAK,WAAU,WAAf,GAFJ;AAGI;AAAA;AAAA,kBAAK,WAAU,eAAf;AACI;AAAA;AAAA,sBAAK,WAAU,iBAAf;AACI;AAAA;AAAA,0BAAK,WAAU,eAAf;AACI;AAAA;AAAA,8BAAI,WAAU,WAAd;AACE;AAAA;AAAA;AACE;AAAA;AAAA,sCAAG,MAAK,GAAR,EAAY,WAAU,QAAtB;AAA+B,kEAAM,WAAU,GAAhB,GAA/B;AAA0D,kEAAM,WAAU,GAAhB,GAA1D;AAAqF;AAAA;AAAA,0CAAM,WAAU,GAAhB;AAAA;AAAA;AAArF;AADF,6BADF;AAGO;AAAA;AAAA,kCAAI,WAAU,wBAAd;AAAuC;AAAA;AAAA,sCAAM,WAAU,qBAAhB;AAAA;AAAA;AAAvC,6BAHP;AAIE;AAAA;AAAA;AACE;AAAA;AAAA,sCAAG,MAAK,WAAR;AAAoB,kEAAM,WAAU,GAAhB,GAApB;AAA+C,kEAAM,WAAU,GAAhB,GAA/C;AAA0E;AAAA;AAAA,0CAAM,WAAU,GAAhB;AAAA;AAAA;AAA1E;AADF,6BAJF;AAOE;AAAA;AAAA;AACE;AAAA;AAAA,sCAAG,MAAK,aAAR;AAAsB,kEAAM,WAAU,GAAhB,GAAtB;AAAiD,kEAAM,WAAU,GAAhB,GAAjD;AAA4E;AAAA;AAAA,0CAAM,WAAU,GAAhB;AAAA;AAAA;AAA5E;AADF;AAPF;AADJ;AADJ;AADJ;AAHJ,SAFP;AAuBO,qCAAK,WAAU,mBAAf,GAvBP;AAwBO;AAAA;AAAA,cAAK,WAAU,YAAf;AACI;AAAA;AAAA,kBAAK,WAAU,iBAAf;AACI;AAAA;AAAA,sBAAK,WAAU,mBAAf;AACI,iDAAK,WAAU,iBAAf;AADJ;AADJ,aADJ;AAMI;AAAA;AAAA,kBAAK,WAAU,oBAAf;AACI;AAAA;AAAA,sBAAK,WAAU,kBAAf;AACI;AAAA;AAAA,0BAAK,WAAU,UAAf;AACI;AAAA;AAAA,8BAAI,WAAU,eAAd;AAA8B;AAAA;AAAA,kCAAG,MAAK,cAAR;AAAA;AAAA;AAA9B,yBADJ;AAEQ;AAAA;AAAA,8BAAI,WAAU,eAAd;AAAA;AAAA;AAFR;AADJ;AADJ;AANJ,SAxBP;AAuCO,qCAAK,WAAU,mBAAf,GAvCP;AAwCO;AAAA;AAAA,cAAK,WAAU,WAAf;AACI;AAAA;AAAA,kBAAK,WAAU,gBAAf;AACI,6CAAK,WAAU,oBAAf,GADJ;AAKI,6CAAK,WAAU,SAAf,GALJ;AAMI,6CAAK,WAAU,SAAf;AANJ;AADJ,SAxCP;AAkDO;AAAA;AAAA,cAAK,WAAU,YAAf;AACI,yCAAK,WAAU,cAAf,GADJ;AAEI;AAAA;AAAA,kBAAK,WAAU,iBAAf;AACI;AAAA;AAAA,sBAAK,WAAU,mBAAf;AACI;AAAA;AAAA,0BAAK,WAAU,oBAAf;AACI;AAAA;AAAA,8BAAK,WAAU,iBAAf;AACI,uDAAG,MAAK,GAAR,EAAY,WAAU,kBAAtB,EAAyC,OAAM,KAA/C,GADJ;AAGQ;AAAA;AAAA;AAAG;AAAA;AAAA,sCAAG,MAAK,GAAR;AAAA;AAAA,iCAAH;AAAA;AAA2B;AAAA;AAAA,sCAAG,MAAK,GAAR;AAAA;AAAA,iCAA3B;AAAA;AAAmD;AAAA;AAAA,sCAAG,MAAK,GAAR;AAAA;AAAA;AAAnD,6BAHR;AAIQ;AAAA;AAAA;AAAA;AAAA,6BAJR;AAOM,yDAAK,WAAU,SAAf,GAPN;AAQM;AAAA;AAAA,kCAAG,WAAU,iBAAb;AAA+B;AAAA;AAAA,sCAAG,MAAK,0CAAR;AAAA;AAAA,iCAA/B;AAAA;AAAA;AARN;AADJ;AADJ,iBADJ;AAeI,6CAAK,WAAU,SAAf;AAfJ;AAFJ,SAlDP;AAsEO,qCAAK,WAAU,SAAf;AAtEP,KADwB;AAAA,CAAlB","file":"/imports/ui/components/navigation.jsx.map","sourcesContent":["import React from 'react';\nimport { IndexLink, Link } from 'react-router';\n\n/*\nexport const Navigation = () => (\n  <ul>\n    <li><IndexLink to=\"/\" activeClassName=\"active\">Index</IndexLink></li>\n    <li><Link to=\"/one\" activeClassName=\"active\">Page One</Link></li>\n    <li><Link to=\"/two\" activeClassName=\"active\">Page Two</Link></li>\n  </ul>\n)\n*/\n\nexport const Navigation =() => (\n\t<div id=\"art-main\">\n        <div className=\"cleared reset-box\"></div>\n        <div className=\"art-nav\">\n            <div className=\"art-nav-l\"></div>\n            <div className=\"art-nav-r\"></div>\n            <div className=\"art-nav-outer\">\n                <div className=\"art-nav-wrapper\">\n                    <div className=\"art-nav-inner\">\n                        <ul className=\"art-hmenu\">\n                          <li>\n                            <a href=\"/\" className=\"active\"><span className=\"l\"></span><span className=\"r\"></span><span className=\"t\">Home</span></a>\n                          </li><li className=\"art-hmenu-li-separator\"><span className=\"art-hmenu-separator\"> </span></li> \n                          <li>\n                            <a href=\"/about_us\"><span className=\"l\"></span><span className=\"r\"></span><span className=\"t\">About Us</span></a>\n                          </li> \n                          <li>\n                            <a href=\"/contact_us\"><span className=\"l\"></span><span className=\"r\"></span><span className=\"t\">Contact Us</span></a>\n                          </li> \n                        </ul>\n                    </div>\n                </div>\n            </div>\n        </div>\n        <div className=\"cleared reset-box\"></div>\n        <div className=\"art-header\">\n            <div className=\"art-header-clip\">\n                <div className=\"art-header-center\">\n                    <div className=\"art-header-jpeg\"></div>\n                </div>\n            </div>\n            <div className=\"art-header-wrapper\">\n                <div className=\"art-header-inner\">\n                    <div className=\"art-logo\">\n                        <h1 className=\"art-logo-name\"><a href=\"./index.html\">Enter Site Title</a></h1>\n                            <h2 className=\"art-logo-text\">Enter Site Slogan</h2>\n                    </div>\n                </div>\n            </div>\n        </div>\n        <div className=\"cleared reset-box\"></div>\n        <div className=\"art-sheet\">\n            <div className=\"art-sheet-body\">\n                <div className=\"art-content-layout\">\n\n\n                </div>\n                <div className=\"cleared\"></div>\n                <div className=\"cleared\"></div>\n            </div>\n        </div>\n        <div className=\"art-footer\">\n            <div className=\"art-footer-t\"></div>\n            <div className=\"art-footer-body\">\n                <div className=\"art-footer-center\">\n                    <div className=\"art-footer-wrapper\">\n                        <div className=\"art-footer-text\">\n                            <a href=\"#\" className=\"art-rss-tag-icon\" title=\"RSS\"></a>\n                              \n                                <p><a href=\"#\">Link1</a> | <a href=\"#\">Link2</a> | <a href=\"#\">Link3</a></p>\n                                <p>Copyright © 2011. All Rights Reserved.</p>\n\n\n                              <div className=\"cleared\"></div>\n                              <p className=\"art-page-footer\"><a href=\"http://www.2createawebsite.com/artisteer\">Website Template created with Artisteer</a>.</p>\n                        </div>\n                    </div>\n                </div>\n                <div className=\"cleared\"></div>\n            </div>\n        </div>\n        <div className=\"cleared\"></div>\n    </div>\n)"]},"hash":"bc6498b4a551b114aea6e985a0d39a62b23d4913"}
