{"metadata":{"usedHelpers":[],"marked":[],"modules":{"imports":[{"source":"react","imported":["default"],"specifiers":[{"kind":"named","imported":"default","local":"React"}]}],"exports":{"exported":["ContactUs"],"specifiers":[{"kind":"local","local":"ContactUs","exported":"ContactUs"}]}}},"options":{"filename":"/imports/ui/pages/contact_us.js","filenameRelative":"/imports/ui/pages/contact_us.js","env":{},"retainLines":false,"highlightCode":true,"suppressDeprecationMessages":false,"presets":[],"plugins":[[[],{"polyfill":false}],[[],null],[[],null],[[],null],[[],null],[[],null],[[],null],[[],null],[[],null],[[],null],[[],null],[[],null],[[],null],[[],null],[[],{"loose":true}],[[],{"loose":true}],[[],null],[[],{"loose":true}],[[],null],[[],null],[[],null],[[],null],[[],null],[[],null],[[],null],[[],{"loose":true}],[[],null],[[],null],[[],null],[[],null],[[],null],[[],null],[[],null],[[],null]],"ignore":[],"code":true,"metadata":true,"ast":false,"comments":true,"compact":false,"minified":false,"sourceMap":true,"sourceMaps":true,"sourceMapTarget":"/imports/ui/pages/contact_us.js.map","sourceFileName":"/imports/ui/pages/contact_us.js","babelrc":false,"sourceType":"module","moduleIds":false,"passPerPreset":false,"basename":"contact_us"},"ignored":false,"code":"module.export({ContactUs:function(){return ContactUs}});var React;module.import('react',{\"default\":function(v){React=v}});\n\nvar ContactUs = function ContactUs() {\n\treturn React.createElement(\n\t\t\"div\",\n\t\tnull,\n\t\tReact.createElement(\n\t\t\t\"h3\",\n\t\t\tnull,\n\t\t\t\"ContactUs\"\n\t\t),\n\t\tReact.createElement(\n\t\t\t\"ul\",\n\t\t\t{ className: \"media-list list-group\" },\n\t\t\tReact.createElement(\n\t\t\t\t\"li\",\n\t\t\t\tnull,\n\t\t\t\t\"1\"\n\t\t\t),\n\t\t\tReact.createElement(\n\t\t\t\t\"li\",\n\t\t\t\tnull,\n\t\t\t\t\"2\"\n\t\t\t),\n\t\t\tReact.createElement(\n\t\t\t\t\"li\",\n\t\t\t\tnull,\n\t\t\t\t\"3\"\n\t\t\t)\n\t\t)\n\t);\n};","ast":null,"map":{"version":3,"sources":["/imports/ui/pages/contact_us.js"],"names":[],"mappings":"AAAA,OAAO,KAAP,MAAkB,OAAlB;;AAEA,OAAO,IAAM,YAAY,SAAZ,SAAY,GAAM;AAC9B,QACC;AAAA;AAAA;AACC;AAAA;AAAA;AAAA;AAAA,GADD;AAEC;AAAA;AAAA,KAAI,WAAU,uBAAd;AACC;AAAA;AAAA;AAAA;AAAA,IADD;AAEC;AAAA;AAAA;AAAA;AAAA,IAFD;AAGC;AAAA;AAAA;AAAA;AAAA;AAHD;AAFD,EADD;AAUA,CAXM","file":"/imports/ui/pages/contact_us.js.map","sourcesContent":["import React from 'react';\n\nexport const ContactUs = () => {\n\treturn (\n\t\t<div>\n\t\t\t<h3>ContactUs</h3>\n\t\t\t<ul className=\"media-list list-group\">\n\t\t\t\t<li>1</li>\n\t\t\t\t<li>2</li>\n\t\t\t\t<li>3</li>\n\t\t\t</ul>\n\t\t</div>\n\t\t);\n}"]},"hash":"c4f3280535751b652fa4d265052a8c2c9760d6bb"}
