{"metadata":{"usedHelpers":[],"marked":[],"modules":{"imports":[{"source":"react","imported":["default"],"specifiers":[{"kind":"named","imported":"default","local":"React"}]}],"exports":{"exported":["ContactUs"],"specifiers":[{"kind":"local","local":"ContactUs","exported":"ContactUs"}]}}},"options":{"filename":"/imports/ui/pages/contact_us.js","filenameRelative":"/imports/ui/pages/contact_us.js","env":{},"retainLines":false,"highlightCode":true,"suppressDeprecationMessages":false,"presets":[],"plugins":[[[],{"polyfill":false}],[[],null],[[],null],[[],null],[[],null],[[],null],[[],null],[[],null],[[],null],[[],null],[[],null],[[],null],[[],null],[[],null],[[],null],[[],null],[[],{"loose":true}],[[],{"loose":true}],[[],null],[[],{"loose":true}],[[],null],[[],null],[[],null],[[],null],[[],null],[[],null],[[],null],[[],{"loose":true}],[[],null],[[],null],[[],null],[[],null],[[],null],[[],null],[[],null],[[],null]],"ignore":[],"code":true,"metadata":true,"ast":false,"comments":true,"compact":false,"minified":false,"sourceMap":true,"sourceMaps":true,"sourceMapTarget":"/imports/ui/pages/contact_us.js.map","sourceFileName":"/imports/ui/pages/contact_us.js","babelrc":false,"sourceType":"module","moduleIds":false,"passPerPreset":false,"basename":"contact_us"},"ignored":false,"code":"module.export({ContactUs:function(){return ContactUs}});var React;module.import('react',{\"default\":function(v){React=v}});var _this = this;\n\n\n\nvar ContactUs = function ContactUs() {\n\treturn React.createElement(\n\t\t\"div\",\n\t\tnull,\n\t\tReact.createElement(\n\t\t\t\"h3\",\n\t\t\tnull,\n\t\t\t\"ContactUs\"\n\t\t),\n\t\tReact.createElement(\n\t\t\t\"form\",\n\t\t\t{ onSubmit: _this.handleSubmit.bind(_this) },\n\t\t\tReact.createElement(\n\t\t\t\t\"div\",\n\t\t\t\t{ className: \"form-group\" },\n\t\t\t\tReact.createElement(\n\t\t\t\t\t\"label\",\n\t\t\t\t\tnull,\n\t\t\t\t\t\"Link to shorten\"\n\t\t\t\t),\n\t\t\t\tReact.createElement(\"input\", { ref: \"link\", className: \"form-control\" })\n\t\t\t),\n\t\t\tReact.createElement(\n\t\t\t\t\"div\",\n\t\t\t\t{ className: \"text-danger\" },\n\t\t\t\t_this.state.error\n\t\t\t),\n\t\t\tReact.createElement(\n\t\t\t\t\"button\",\n\t\t\t\t{ className: \"btn btn-primary\" },\n\t\t\t\t\"Shorten!\"\n\t\t\t)\n\t\t)\n\t);\n};","ast":null,"map":{"version":3,"sources":["/imports/ui/pages/contact_us.js"],"names":[],"mappings":";;AAAA,OAAO,KAAP,MAAkB,OAAlB;;AAEA,OAAO,IAAM,YAAY,SAAZ,SAAY,GAAM;AAC9B,QACC;AAAA;AAAA;AACC;AAAA;AAAA;AAAA;AAAA,GADD;AAEC;AAAA;AAAA,KAAM,UAAU,MAAK,YAAL,CAAkB,IAAlB,OAAhB;AACO;AAAA;AAAA,MAAK,WAAU,YAAf;AACE;AAAA;AAAA;AAAA;AAAA,KADF;AAEE,mCAAO,KAAI,MAAX,EAAkB,WAAU,cAA5B;AAFF,IADP;AAKO;AAAA;AAAA,MAAK,WAAU,aAAf;AAA8B,UAAK,KAAL,CAAW;AAAzC,IALP;AAMO;AAAA;AAAA,MAAQ,WAAU,iBAAlB;AAAA;AAAA;AANP;AAFD,EADD;AAaA,CAdM","file":"/imports/ui/pages/contact_us.js.map","sourcesContent":["import React from 'react';\n\nexport const ContactUs = () => {\n\treturn (\n\t\t<div>\n\t\t\t<h3>ContactUs</h3>\n\t\t\t<form onSubmit={this.handleSubmit.bind(this)}>\n\t\t        <div className=\"form-group\">\n\t\t          <label>Link to shorten</label>\n\t\t          <input ref=\"link\" className=\"form-control\" />\n\t\t        </div>\n\t\t        <div className=\"text-danger\">{this.state.error}</div>\n\t\t        <button className=\"btn btn-primary\">Shorten!</button>\n\t\t    </form>\n\t\t</div>\n\t\t);\n}"]},"hash":"e4a719195b5ce1ede72bb84f48d9d3a3224b3a9c"}
