{"metadata":{"usedHelpers":[],"marked":[],"modules":{"imports":[{"source":"react","imported":["default"],"specifiers":[{"kind":"named","imported":"default","local":"React"}]},{"source":"react-router","imported":["IndexLink","Link"],"specifiers":[{"kind":"named","imported":"IndexLink","local":"IndexLink"},{"kind":"named","imported":"Link","local":"Link"}]}],"exports":{"exported":["Navigation"],"specifiers":[{"kind":"local","local":"Navigation","exported":"Navigation"}]}}},"options":{"filename":"/imports/ui/components/navigation.jsx","filenameRelative":"/imports/ui/components/navigation.jsx","env":{},"retainLines":false,"highlightCode":true,"suppressDeprecationMessages":false,"presets":[],"plugins":[[[],{"polyfill":false}],[[],null],[[],null],[[],null],[[],null],[[],null],[[],null],[[],null],[[],null],[[],null],[[],null],[[],null],[[],null],[[],null],[[],{"loose":true}],[[],{"loose":true}],[[],null],[[],{"loose":true}],[[],null],[[],null],[[],null],[[],null],[[],null],[[],null],[[],null],[[],{"loose":true}],[[],null],[[],null],[[],null],[[],null],[[],null],[[],null],[[],null],[[],null]],"ignore":[],"code":true,"metadata":true,"ast":false,"comments":true,"compact":false,"minified":false,"sourceMap":true,"sourceMaps":true,"sourceMapTarget":"/imports/ui/components/navigation.jsx.map","sourceFileName":"/imports/ui/components/navigation.jsx","babelrc":false,"sourceType":"module","moduleIds":false,"passPerPreset":false,"basename":"navigation"},"ignored":false,"code":"module.export({Navigation:function(){return Navigation}});var React;module.import('react',{\"default\":function(v){React=v}});var IndexLink,Link;module.import('react-router',{\"IndexLink\":function(v){IndexLink=v},\"Link\":function(v){Link=v}});\n\n\n/*\nexport const Navigation = () => (\n  <ul>\n    <li><IndexLink to=\"/\" activeClassName=\"active\">Index</IndexLink></li>\n    <li><Link to=\"/one\" activeClassName=\"active\">Page One</Link></li>\n    <li><Link to=\"/two\" activeClassName=\"active\">Page Two</Link></li>\n  </ul>\n)\n*/\n\nvar Navigation = function Navigation() {\n    return React.createElement(\n        'div',\n        { id: 'art-main' },\n        React.createElement('div', { 'class': 'cleared reset-box' }),\n        React.createElement(\n            'div',\n            { 'class': 'art-nav' },\n            React.createElement('div', { 'class': 'art-nav-l' }),\n            React.createElement('div', { 'class': 'art-nav-r' }),\n            React.createElement(\n                'div',\n                { 'class': 'art-nav-outer' },\n                React.createElement(\n                    'div',\n                    { 'class': 'art-nav-wrapper' },\n                    React.createElement(\n                        'div',\n                        { 'class': 'art-nav-inner' },\n                        React.createElement(\n                            'ul',\n                            { 'class': 'art-hmenu' },\n                            React.createElement(\n                                'li',\n                                null,\n                                React.createElement(\n                                    'a',\n                                    { href: '/', 'class': 'active' },\n                                    React.createElement('span', { 'class': 'l' }),\n                                    React.createElement('span', { 'class': 'r' }),\n                                    React.createElement(\n                                        'span',\n                                        { 'class': 't' },\n                                        'Home'\n                                    )\n                                )\n                            ),\n                            React.createElement(\n                                'li',\n                                { 'class': 'art-hmenu-li-separator' },\n                                React.createElement(\n                                    'span',\n                                    { 'class': 'art-hmenu-separator' },\n                                    ' '\n                                )\n                            ),\n                            React.createElement(\n                                'li',\n                                null,\n                                React.createElement(\n                                    'a',\n                                    { href: '/about_us' },\n                                    React.createElement('span', { 'class': 'l' }),\n                                    React.createElement('span', { 'class': 'r' }),\n                                    React.createElement(\n                                        'span',\n                                        { 'class': 't' },\n                                        'About Us'\n                                    )\n                                )\n                            ),\n                            React.createElement(\n                                'li',\n                                null,\n                                React.createElement(\n                                    'a',\n                                    { href: '/contact_us' },\n                                    React.createElement('span', { 'class': 'l' }),\n                                    React.createElement('span', { 'class': 'r' }),\n                                    React.createElement(\n                                        'span',\n                                        { 'class': 't' },\n                                        'Contact Us'\n                                    )\n                                )\n                            )\n                        )\n                    )\n                )\n            )\n        ),\n        React.createElement('div', { 'class': 'cleared reset-box' }),\n        React.createElement(\n            'div',\n            { 'class': 'art-header' },\n            React.createElement(\n                'div',\n                { 'class': 'art-header-clip' },\n                React.createElement(\n                    'div',\n                    { 'class': 'art-header-center' },\n                    React.createElement('div', { 'class': 'art-header-jpeg' })\n                )\n            ),\n            React.createElement(\n                'div',\n                { 'class': 'art-header-wrapper' },\n                React.createElement(\n                    'div',\n                    { 'class': 'art-header-inner' },\n                    React.createElement(\n                        'div',\n                        { 'class': 'art-logo' },\n                        React.createElement(\n                            'h1',\n                            { 'class': 'art-logo-name' },\n                            React.createElement(\n                                'a',\n                                { href: './index.html' },\n                                'Enter Site Title'\n                            )\n                        ),\n                        React.createElement(\n                            'h2',\n                            { 'class': 'art-logo-text' },\n                            'Enter Site Slogan'\n                        )\n                    )\n                )\n            )\n        ),\n        React.createElement('div', { 'class': 'cleared reset-box' }),\n        React.createElement(\n            'div',\n            { 'class': 'art-sheet' },\n            React.createElement(\n                'div',\n                { 'class': 'art-sheet-body' },\n                React.createElement('div', { 'class': 'art-content-layout' }),\n                React.createElement('div', { 'class': 'cleared' }),\n                React.createElement('div', { 'class': 'cleared' })\n            )\n        ),\n        React.createElement(\n            'div',\n            { 'class': 'art-footer' },\n            React.createElement('div', { 'class': 'art-footer-t' }),\n            React.createElement(\n                'div',\n                { 'class': 'art-footer-body' },\n                React.createElement(\n                    'div',\n                    { 'class': 'art-footer-center' },\n                    React.createElement(\n                        'div',\n                        { 'class': 'art-footer-wrapper' },\n                        React.createElement(\n                            'div',\n                            { 'class': 'art-footer-text' },\n                            React.createElement('a', { href: '#', 'class': 'art-rss-tag-icon', title: 'RSS' }),\n                            React.createElement(\n                                'p',\n                                null,\n                                React.createElement(\n                                    'a',\n                                    { href: '#' },\n                                    'Link1'\n                                ),\n                                ' | ',\n                                React.createElement(\n                                    'a',\n                                    { href: '#' },\n                                    'Link2'\n                                ),\n                                ' | ',\n                                React.createElement(\n                                    'a',\n                                    { href: '#' },\n                                    'Link3'\n                                )\n                            ),\n                            React.createElement(\n                                'p',\n                                null,\n                                'Copyright © 2011. All Rights Reserved.'\n                            ),\n                            React.createElement('div', { 'class': 'cleared' }),\n                            React.createElement(\n                                'p',\n                                { 'class': 'art-page-footer' },\n                                React.createElement(\n                                    'a',\n                                    { href: 'http://www.2createawebsite.com/artisteer' },\n                                    'Website Template created with Artisteer'\n                                ),\n                                '.'\n                            )\n                        )\n                    )\n                ),\n                React.createElement('div', { 'class': 'cleared' })\n            )\n        ),\n        React.createElement('div', { 'class': 'cleared' })\n    );\n};","ast":null,"map":{"version":3,"sources":["/imports/ui/components/navigation.jsx"],"names":[],"mappings":"AAAA,OAAO,KAAP,MAAkB,OAAlB;AACA,SAAS,SAAT,EAAoB,IAApB,QAAgC,cAAhC;;;;;;;;;;;;AAYA,OAAO,IAAM,aAAY,SAAZ,UAAY;AAAA,WACxB;AAAA;AAAA,UAAK,IAAG,UAAR;AACO,qCAAK,SAAM,mBAAX,GADP;AAEO;AAAA;AAAA,cAAK,SAAM,SAAX;AACI,yCAAK,SAAM,WAAX,GADJ;AAEI,yCAAK,SAAM,WAAX,GAFJ;AAGI;AAAA;AAAA,kBAAK,SAAM,eAAX;AACI;AAAA;AAAA,sBAAK,SAAM,iBAAX;AACI;AAAA;AAAA,0BAAK,SAAM,eAAX;AACI;AAAA;AAAA,8BAAI,SAAM,WAAV;AACE;AAAA;AAAA;AACE;AAAA;AAAA,sCAAG,MAAK,GAAR,EAAY,SAAM,QAAlB;AAA2B,kEAAM,SAAM,GAAZ,GAA3B;AAAkD,kEAAM,SAAM,GAAZ,GAAlD;AAAyE;AAAA;AAAA,0CAAM,SAAM,GAAZ;AAAA;AAAA;AAAzE;AADF,6BADF;AAGO;AAAA;AAAA,kCAAI,SAAM,wBAAV;AAAmC;AAAA;AAAA,sCAAM,SAAM,qBAAZ;AAAA;AAAA;AAAnC,6BAHP;AAIE;AAAA;AAAA;AACE;AAAA;AAAA,sCAAG,MAAK,WAAR;AAAoB,kEAAM,SAAM,GAAZ,GAApB;AAA2C,kEAAM,SAAM,GAAZ,GAA3C;AAAkE;AAAA;AAAA,0CAAM,SAAM,GAAZ;AAAA;AAAA;AAAlE;AADF,6BAJF;AAOE;AAAA;AAAA;AACE;AAAA;AAAA,sCAAG,MAAK,aAAR;AAAsB,kEAAM,SAAM,GAAZ,GAAtB;AAA6C,kEAAM,SAAM,GAAZ,GAA7C;AAAoE;AAAA;AAAA,0CAAM,SAAM,GAAZ;AAAA;AAAA;AAApE;AADF;AAPF;AADJ;AADJ;AADJ;AAHJ,SAFP;AAuBO,qCAAK,SAAM,mBAAX,GAvBP;AAwBO;AAAA;AAAA,cAAK,SAAM,YAAX;AACI;AAAA;AAAA,kBAAK,SAAM,iBAAX;AACI;AAAA;AAAA,sBAAK,SAAM,mBAAX;AACI,iDAAK,SAAM,iBAAX;AADJ;AADJ,aADJ;AAMI;AAAA;AAAA,kBAAK,SAAM,oBAAX;AACI;AAAA;AAAA,sBAAK,SAAM,kBAAX;AACI;AAAA;AAAA,0BAAK,SAAM,UAAX;AACI;AAAA;AAAA,8BAAI,SAAM,eAAV;AAA0B;AAAA;AAAA,kCAAG,MAAK,cAAR;AAAA;AAAA;AAA1B,yBADJ;AAEQ;AAAA;AAAA,8BAAI,SAAM,eAAV;AAAA;AAAA;AAFR;AADJ;AADJ;AANJ,SAxBP;AAuCO,qCAAK,SAAM,mBAAX,GAvCP;AAwCO;AAAA;AAAA,cAAK,SAAM,WAAX;AACI;AAAA;AAAA,kBAAK,SAAM,gBAAX;AACI,6CAAK,SAAM,oBAAX,GADJ;AAKI,6CAAK,SAAM,SAAX,GALJ;AAMI,6CAAK,SAAM,SAAX;AANJ;AADJ,SAxCP;AAkDO;AAAA;AAAA,cAAK,SAAM,YAAX;AACI,yCAAK,SAAM,cAAX,GADJ;AAEI;AAAA;AAAA,kBAAK,SAAM,iBAAX;AACI;AAAA;AAAA,sBAAK,SAAM,mBAAX;AACI;AAAA;AAAA,0BAAK,SAAM,oBAAX;AACI;AAAA;AAAA,8BAAK,SAAM,iBAAX;AACI,uDAAG,MAAK,GAAR,EAAY,SAAM,kBAAlB,EAAqC,OAAM,KAA3C,GADJ;AAGQ;AAAA;AAAA;AAAG;AAAA;AAAA,sCAAG,MAAK,GAAR;AAAA;AAAA,iCAAH;AAAA;AAA2B;AAAA;AAAA,sCAAG,MAAK,GAAR;AAAA;AAAA,iCAA3B;AAAA;AAAmD;AAAA;AAAA,sCAAG,MAAK,GAAR;AAAA;AAAA;AAAnD,6BAHR;AAIQ;AAAA;AAAA;AAAA;AAAA,6BAJR;AAOM,yDAAK,SAAM,SAAX,GAPN;AAQM;AAAA;AAAA,kCAAG,SAAM,iBAAT;AAA2B;AAAA;AAAA,sCAAG,MAAK,0CAAR;AAAA;AAAA,iCAA3B;AAAA;AAAA;AARN;AADJ;AADJ,iBADJ;AAeI,6CAAK,SAAM,SAAX;AAfJ;AAFJ,SAlDP;AAsEO,qCAAK,SAAM,SAAX;AAtEP,KADwB;AAAA,CAAlB","file":"/imports/ui/components/navigation.jsx.map","sourcesContent":["import React from 'react';\nimport { IndexLink, Link } from 'react-router';\n\n/*\nexport const Navigation = () => (\n  <ul>\n    <li><IndexLink to=\"/\" activeClassName=\"active\">Index</IndexLink></li>\n    <li><Link to=\"/one\" activeClassName=\"active\">Page One</Link></li>\n    <li><Link to=\"/two\" activeClassName=\"active\">Page Two</Link></li>\n  </ul>\n)\n*/\n\nexport const Navigation =() => (\n\t<div id=\"art-main\">\n        <div class=\"cleared reset-box\"></div>\n        <div class=\"art-nav\">\n            <div class=\"art-nav-l\"></div>\n            <div class=\"art-nav-r\"></div>\n            <div class=\"art-nav-outer\">\n                <div class=\"art-nav-wrapper\">\n                    <div class=\"art-nav-inner\">\n                        <ul class=\"art-hmenu\">\n                          <li>\n                            <a href=\"/\" class=\"active\"><span class=\"l\"></span><span class=\"r\"></span><span class=\"t\">Home</span></a>\n                          </li><li class=\"art-hmenu-li-separator\"><span class=\"art-hmenu-separator\"> </span></li> \n                          <li>\n                            <a href=\"/about_us\"><span class=\"l\"></span><span class=\"r\"></span><span class=\"t\">About Us</span></a>\n                          </li> \n                          <li>\n                            <a href=\"/contact_us\"><span class=\"l\"></span><span class=\"r\"></span><span class=\"t\">Contact Us</span></a>\n                          </li> \n                        </ul>\n                    </div>\n                </div>\n            </div>\n        </div>\n        <div class=\"cleared reset-box\"></div>\n        <div class=\"art-header\">\n            <div class=\"art-header-clip\">\n                <div class=\"art-header-center\">\n                    <div class=\"art-header-jpeg\"></div>\n                </div>\n            </div>\n            <div class=\"art-header-wrapper\">\n                <div class=\"art-header-inner\">\n                    <div class=\"art-logo\">\n                        <h1 class=\"art-logo-name\"><a href=\"./index.html\">Enter Site Title</a></h1>\n                            <h2 class=\"art-logo-text\">Enter Site Slogan</h2>\n                    </div>\n                </div>\n            </div>\n        </div>\n        <div class=\"cleared reset-box\"></div>\n        <div class=\"art-sheet\">\n            <div class=\"art-sheet-body\">\n                <div class=\"art-content-layout\">\n\n\n                </div>\n                <div class=\"cleared\"></div>\n                <div class=\"cleared\"></div>\n            </div>\n        </div>\n        <div class=\"art-footer\">\n            <div class=\"art-footer-t\"></div>\n            <div class=\"art-footer-body\">\n                <div class=\"art-footer-center\">\n                    <div class=\"art-footer-wrapper\">\n                        <div class=\"art-footer-text\">\n                            <a href=\"#\" class=\"art-rss-tag-icon\" title=\"RSS\"></a>\n                              \n                                <p><a href=\"#\">Link1</a> | <a href=\"#\">Link2</a> | <a href=\"#\">Link3</a></p>\n                                <p>Copyright © 2011. All Rights Reserved.</p>\n\n\n                              <div class=\"cleared\"></div>\n                              <p class=\"art-page-footer\"><a href=\"http://www.2createawebsite.com/artisteer\">Website Template created with Artisteer</a>.</p>\n                        </div>\n                    </div>\n                </div>\n                <div class=\"cleared\"></div>\n            </div>\n        </div>\n        <div class=\"cleared\"></div>\n    </div>\n)"]},"hash":"fd3c047ef3a2ffbcf26df7e7d50d91a6b2bd1d90"}
