{"lastInput":{"dependencies":["meteor-base","mobile-experience","mongo","blaze-html-templates","reactive-var","jquery","tracker","standard-minifier-css","standard-minifier-js","es5-shim","ecmascript","shell-server","autopublish","insecure"],"constraints":["meteor-base@1.0.4","mobile-experience@1.0.4","mongo@1.1.11","blaze-html-templates@1.0.4","reactive-var@1.0.10","jquery@1.11.9","tracker@1.1.0","standard-minifier-css@1.2.0","standard-minifier-js@1.2.0","es5-shim@4.6.14","ecmascript@0.5.8","shell-server@0.2.1","autopublish@1.0.7","insecure@1.0.7"],"previousSolution":{"allow-deny":"1.0.5","autopublish":"1.0.7","autoupdate":"1.2.11","babel-compiler":"6.9.1","babel-runtime":"0.1.11","base64":"1.0.9","binary-heap":"1.0.9","blaze":"2.1.8","blaze-html-templates":"1.0.4","blaze-tools":"1.0.9","boilerplate-generator":"1.0.9","caching-compiler":"1.0.6","caching-html-compiler":"1.0.6","callback-hook":"1.0.9","check":"1.2.3","ddp":"1.2.5","ddp-client":"1.2.9","ddp-common":"1.2.6","ddp-server":"1.2.10","deps":"1.0.12","diff-sequence":"1.0.6","ecmascript":"0.5.8","ecmascript-runtime":"0.3.14","ejson":"1.0.12","es5-shim":"4.6.14","fastclick":"1.0.12","geojson-utils":"1.0.9","hot-code-push":"1.0.4","html-tools":"1.0.10","htmljs":"1.0.10","http":"1.1.8","id-map":"1.0.8","insecure":"1.0.7","jquery":"1.11.9","launch-screen":"1.0.12","livedata":"1.0.18","logging":"1.1.15","meteor":"1.2.17","meteor-base":"1.0.4","minifier-css":"1.2.14","minifier-js":"1.2.14","minimongo":"1.0.17","mobile-experience":"1.0.4","mobile-status-bar":"1.0.12","modules":"0.7.6","modules-runtime":"0.7.6","mongo":"1.1.11","mongo-id":"1.0.5","npm-mongo":"1.5.47","observe-sequence":"1.0.12","ordered-dict":"1.0.8","promise":"0.8.4","random":"1.0.10","reactive-var":"1.0.10","reload":"1.1.10","retry":"1.0.8","routepolicy":"1.0.11","shell-server":"0.2.1","spacebars":"1.0.12","spacebars-compiler":"1.0.12","standard-minifier-css":"1.2.0","standard-minifier-js":"1.2.0","templating":"1.1.14","templating-tools":"1.0.4","tracker":"1.1.0","ui":"1.0.11","underscore":"1.0.9","url":"1.0.10","webapp":"1.3.11","webapp-hashing":"1.0.9"}},"lastOutput":{"neededToUseUnanticipatedPrereleases":false,"answer":{"allow-deny":"1.0.5","autopublish":"1.0.7","autoupdate":"1.2.11","babel-compiler":"6.9.1","babel-runtime":"0.1.11","base64":"1.0.9","binary-heap":"1.0.9","blaze":"2.1.8","blaze-html-templates":"1.0.4","blaze-tools":"1.0.9","boilerplate-generator":"1.0.9","caching-compiler":"1.0.6","caching-html-compiler":"1.0.6","callback-hook":"1.0.9","check":"1.2.3","ddp":"1.2.5","ddp-client":"1.2.9","ddp-common":"1.2.6","ddp-server":"1.2.10","deps":"1.0.12","diff-sequence":"1.0.6","ecmascript":"0.5.8","ecmascript-runtime":"0.3.14","ejson":"1.0.12","es5-shim":"4.6.14","fastclick":"1.0.12","geojson-utils":"1.0.9","hot-code-push":"1.0.4","html-tools":"1.0.10","htmljs":"1.0.10","http":"1.1.8","id-map":"1.0.8","insecure":"1.0.7","isobuild:compiler-plugin":"1.0.0","isobuild:isopack-2":"1.0.0","isobuild:minifier-plugin":"1.0.0","jquery":"1.11.9","launch-screen":"1.0.12","livedata":"1.0.18","logging":"1.1.15","meteor":"1.2.17","meteor-base":"1.0.4","minifier-css":"1.2.14","minifier-js":"1.2.14","minimongo":"1.0.17","mobile-experience":"1.0.4","mobile-status-bar":"1.0.12","modules":"0.7.6","modules-runtime":"0.7.6","mongo":"1.1.11","mongo-id":"1.0.5","npm-mongo":"1.5.47","observe-sequence":"1.0.12","ordered-dict":"1.0.8","promise":"0.8.4","random":"1.0.10","reactive-var":"1.0.10","reload":"1.1.10","retry":"1.0.8","routepolicy":"1.0.11","shell-server":"0.2.1","spacebars":"1.0.12","spacebars-compiler":"1.0.12","standard-minifier-css":"1.2.0","standard-minifier-js":"1.2.0","templating":"1.1.14","templating-tools":"1.0.4","tracker":"1.1.0","ui":"1.0.11","underscore":"1.0.9","url":"1.0.10","webapp":"1.3.11","webapp-hashing":"1.0.9"}}}
