{"metadata":{"usedHelpers":[],"marked":[],"modules":{"imports":[{"source":"react","imported":["default"],"specifiers":[{"kind":"named","imported":"default","local":"React"}]},{"source":"../components/navigation.jsx","imported":["Navigation"],"specifiers":[{"kind":"named","imported":"Navigation","local":"Navigation"}]},{"source":"../components/header","imported":["default"],"specifiers":[{"kind":"named","imported":"default","local":"Header"}]},{"source":"../components/footer","imported":["default"],"specifiers":[{"kind":"named","imported":"default","local":"Footer"}]}],"exports":{"exported":["App"],"specifiers":[{"kind":"local","local":"App","exported":"App"}]}}},"options":{"filename":"/imports/ui/layouts/app.js","filenameRelative":"/imports/ui/layouts/app.js","env":{},"retainLines":false,"highlightCode":true,"suppressDeprecationMessages":false,"presets":[],"plugins":[[[],{"polyfill":false}],[[],null],[[],null],[[],null],[[],null],[[],null],[[],null],[[],null],[[],null],[[],null],[[],null],[[],null],[[],null],[[],null],[[],{"loose":true}],[[],{"loose":true}],[[],null],[[],{"loose":true}],[[],null],[[],null],[[],null],[[],null],[[],null],[[],null],[[],null],[[],{"loose":true}],[[],null],[[],null],[[],null],[[],null],[[],null],[[],null],[[],null],[[],null]],"ignore":[],"code":true,"metadata":true,"ast":false,"comments":true,"compact":false,"minified":false,"sourceMap":true,"sourceMaps":true,"sourceMapTarget":"/imports/ui/layouts/app.js.map","sourceFileName":"/imports/ui/layouts/app.js","babelrc":false,"sourceType":"module","moduleIds":false,"passPerPreset":false,"basename":"app"},"ignored":false,"code":"module.export({App:function(){return App}});var React;module.import('react',{\"default\":function(v){React=v}});var Navigation;module.import('../components/navigation.jsx',{\"Navigation\":function(v){Navigation=v}});var Header;module.import('../components/header',{\"default\":function(v){Header=v}});var Footer;module.import('../components/footer',{\"default\":function(v){Footer=v}});\n\n\n\n\nvar App = function App(_ref) {\n\tvar children = _ref.children;\n\n\n\treturn React.createElement(\n\t\t'div',\n\t\tnull,\n\t\tReact.createElement('div', { className: 'cleared reset-box' }),\n\t\tReact.createElement(Navigation, null),\n\t\tReact.createElement('div', { className: 'cleared reset-box' }),\n\t\tReact.createElement(Header, null),\n\t\tReact.createElement('div', { className: 'cleared reset-box' }),\n\t\tchildren,\n\t\tReact.createElement(Footer, null),\n\t\tReact.createElement('div', { className: 'cleared' })\n\t);\n};","ast":null,"map":{"version":3,"sources":["/imports/ui/layouts/app.js"],"names":[],"mappings":"AAAA,OAAO,KAAP,MAAkB,OAAlB;AACA,SAAS,UAAT,QAA2B,8BAA3B;AACA,OAAO,MAAP,MAAmB,sBAAnB;AACA,OAAO,MAAP,MAAmB,sBAAnB;;AAGA,OAAO,IAAM,MAAM,SAAN,GAAM,OAAoB;AAAA,KAAhB,QAAgB,QAAhB,QAAgB;;;AAEtC,QACG;AAAA;AAAA;AACK,+BAAK,WAAU,mBAAf,GADL;AAEK,sBAAC,UAAD,OAFL;AAGK,+BAAK,WAAU,mBAAf,GAHL;AAIK,sBAAC,MAAD,OAJL;AAKK,+BAAK,WAAU,mBAAf,GALL;AAMO,UANP;AAOK,sBAAC,MAAD,OAPL;AAQK,+BAAK,WAAU,SAAf;AARL,EADH;AAaA,CAfM","file":"/imports/ui/layouts/app.js.map","sourcesContent":["import React from 'react';\nimport { Navigation } from '../components/navigation.jsx';\nimport Header from '../components/header';\nimport Footer from '../components/footer';\n\n\nexport const App = ( { children } ) => {\n\n\treturn (\n\t  \t<div>\n\t        <div className=\"cleared reset-box\"></div>\n\t        <Navigation />\n\t        <div className=\"cleared reset-box\"></div>\n\t        <Header />\n\t        <div className=\"cleared reset-box\"></div>\n\t        { children }\n\t        <Footer />\n\t        <div className=\"cleared\"></div>\n\t    </div>\n\n\t);\n}"]},"hash":"01ff458084f9f207ed7b588c76d261568c1d19d3"}
