{"metadata":{"usedHelpers":[],"marked":[],"modules":{"imports":[{"source":"react","imported":["default"],"specifiers":[{"kind":"named","imported":"default","local":"React"}]}],"exports":{"exported":["Two"],"specifiers":[{"kind":"local","local":"Two","exported":"Two"}]}}},"options":{"filename":"/imports/ui/pages/two.js","filenameRelative":"/imports/ui/pages/two.js","env":{},"retainLines":false,"highlightCode":true,"suppressDeprecationMessages":false,"presets":[],"plugins":[[[],{"polyfill":false}],[[],null],[[],null],[[],null],[[],null],[[],null],[[],null],[[],null],[[],null],[[],null],[[],null],[[],null],[[],null],[[],null],[[],null],[[],null],[[],{"loose":true}],[[],{"loose":true}],[[],null],[[],{"loose":true}],[[],null],[[],null],[[],null],[[],null],[[],null],[[],null],[[],null],[[],{"loose":true}],[[],null],[[],null],[[],null],[[],null],[[],null],[[],null],[[],null],[[],null]],"ignore":[],"code":true,"metadata":true,"ast":false,"comments":true,"compact":false,"minified":false,"sourceMap":true,"sourceMaps":true,"sourceMapTarget":"/imports/ui/pages/two.js.map","sourceFileName":"/imports/ui/pages/two.js","babelrc":false,"sourceType":"module","moduleIds":false,"passPerPreset":false,"basename":"two"},"ignored":false,"code":"module.export({Two:function(){return Two}});var React;module.import('react',{\"default\":function(v){React=v}});\n\nvar Two = function Two() {\n  return React.createElement(\n    'h3',\n    null,\n    'Two'\n  );\n};","ast":null,"map":{"version":3,"sources":["/imports/ui/pages/two.js"],"names":[],"mappings":"AAAA,OAAO,KAAP,MAAkB,OAAlB;;AAEA,OAAO,IAAM,MAAM,SAAN,GAAM;AAAA,SAAM;AAAA;AAAA;AAAA;AAAA,GAAN;AAAA,CAAZ","file":"/imports/ui/pages/two.js.map","sourcesContent":["import React from 'react';\n\nexport const Two = () => <h3>Two</h3>;"]},"hash":"0201bd65c65e9f2ec0ee5001aabe2797bdcb78ef"}
