{"metadata":{"usedHelpers":[],"marked":[],"modules":{"imports":[{"source":"react","imported":["default"],"specifiers":[{"kind":"named","imported":"default","local":"React"}]}],"exports":{"exported":[],"specifiers":[]}}},"options":{"filename":"/imports/ui/components/content_detail.js","filenameRelative":"/imports/ui/components/content_detail.js","env":{},"retainLines":false,"highlightCode":true,"suppressDeprecationMessages":false,"presets":[],"plugins":[[[],{"polyfill":false}],[[],null],[[],null],[[],null],[[],null],[[],null],[[],null],[[],null],[[],null],[[],null],[[],null],[[],null],[[],null],[[],null],[[],null],[[],null],[[],{"loose":true}],[[],{"loose":true}],[[],null],[[],{"loose":true}],[[],null],[[],null],[[],null],[[],null],[[],null],[[],null],[[],null],[[],{"loose":true}],[[],null],[[],null],[[],null],[[],null],[[],null],[[],null],[[],null],[[],null]],"ignore":[],"code":true,"metadata":true,"ast":false,"comments":true,"compact":false,"minified":false,"sourceMap":true,"sourceMaps":true,"sourceMapTarget":"/imports/ui/components/content_detail.js.map","sourceFileName":"/imports/ui/components/content_detail.js","babelrc":false,"sourceType":"module","moduleIds":false,"passPerPreset":false,"basename":"content_detail"},"ignored":false,"code":"var React;module.import('react',{\"default\":function(v){React=v}});//import React\n\n\nvar ContentDetail = function ContentDetail(props) {\n\n\treturn React.createElement(\n\t\t\"div\",\n\t\t{ className: \"art-layout-cell art-sidebar1\" },\n\t\tReact.createElement(\n\t\t\t\"div\",\n\t\t\t{ className: \"art-block\" },\n\t\t\tReact.createElement(\n\t\t\t\t\"div\",\n\t\t\t\t{ className: \"art-block-body\" },\n\t\t\t\tReact.createElement(\n\t\t\t\t\t\"div\",\n\t\t\t\t\t{ className: \"art-blockheader\" },\n\t\t\t\t\tReact.createElement(\"div\", { className: \"l\" }),\n\t\t\t\t\tReact.createElement(\"div\", { className: \"r\" }),\n\t\t\t\t\tReact.createElement(\n\t\t\t\t\t\t\"h3\",\n\t\t\t\t\t\t{ className: \"t\" },\n\t\t\t\t\t\tprops.image.blok_title\n\t\t\t\t\t)\n\t\t\t\t),\n\t\t\t\tReact.createElement(\n\t\t\t\t\t\"div\",\n\t\t\t\t\t{ className: \"art-blockcontent\" },\n\t\t\t\t\tReact.createElement(\"div\", { className: \"art-blockcontent-tl\" }),\n\t\t\t\t\tReact.createElement(\"div\", { className: \"art-blockcontent-tr\" }),\n\t\t\t\t\tReact.createElement(\"div\", { className: \"art-blockcontent-bl\" }),\n\t\t\t\t\tReact.createElement(\"div\", { className: \"art-blockcontent-br\" }),\n\t\t\t\t\tReact.createElement(\"div\", { className: \"art-blockcontent-tc\" }),\n\t\t\t\t\tReact.createElement(\"div\", { className: \"art-blockcontent-bc\" }),\n\t\t\t\t\tReact.createElement(\"div\", { className: \"art-blockcontent-cl\" }),\n\t\t\t\t\tReact.createElement(\"div\", { className: \"art-blockcontent-cr\" }),\n\t\t\t\t\tReact.createElement(\"div\", { className: \"art-blockcontent-cc\" }),\n\t\t\t\t\tReact.createElement(\n\t\t\t\t\t\t\"div\",\n\t\t\t\t\t\t{ className: \"art-blockcontent-body\" },\n\t\t\t\t\t\tprops.image.block_content,\n\t\t\t\t\t\tReact.createElement(\"div\", { className: \"cleared\" })\n\t\t\t\t\t)\n\t\t\t\t),\n\t\t\t\tReact.createElement(\"div\", { className: \"cleared\" })\n\t\t\t)\n\t\t),\n\t\tReact.createElement(\"div\", { className: \"cleared\" })\n\t);\n};\n\nmodule.export(\"default\",exports.default=(ContentDetail));","ast":null,"map":{"version":3,"sources":["/imports/ui/components/content_detail.js"],"names":[],"mappings":";AACA,OAAO,KAAP,MAAkB,OAAlB;;AAEA,IAAM,gBAAgB,SAAhB,aAAgB,CAAC,KAAD,EAAW;;AAEhC,QAEC;AAAA;AAAA,IAAK,WAAU,8BAAf;AACC;AAAA;AAAA,KAAK,WAAU,WAAf;AACI;AAAA;AAAA,MAAK,WAAU,gBAAf;AACI;AAAA;AAAA,OAAK,WAAU,iBAAf;AACU,kCAAK,WAAU,GAAf,GADV;AAEU,kCAAK,WAAU,GAAf,GAFV;AAGU;AAAA;AAAA,QAAI,WAAU,GAAd;AAAmB,YAAM,KAAN,CAAY;AAA/B;AAHV,KADJ;AAMU;AAAA;AAAA,OAAK,WAAU,kBAAf;AACI,kCAAK,WAAU,qBAAf,GADJ;AAEI,kCAAK,WAAU,qBAAf,GAFJ;AAGI,kCAAK,WAAU,qBAAf,GAHJ;AAII,kCAAK,WAAU,qBAAf,GAJJ;AAKI,kCAAK,WAAU,qBAAf,GALJ;AAMI,kCAAK,WAAU,qBAAf,GANJ;AAOI,kCAAK,WAAU,qBAAf,GAPJ;AAQI,kCAAK,WAAU,qBAAf,GARJ;AASI,kCAAK,WAAU,qBAAf,GATJ;AAUI;AAAA;AAAA,QAAK,WAAU,uBAAf;AACb,YAAM,KAAN,CAAY,aADC;AAEC,mCAAK,WAAU,SAAf;AAFD;AAVJ,KANV;AAqBF,iCAAK,WAAU,SAAf;AArBE;AADJ,GADD;AA0BC,+BAAK,WAAU,SAAf;AA1BD,EAFD;AAgCA,CAlCD;;AAoCA,eAAe,aAAf","file":"/imports/ui/components/content_detail.js.map","sourcesContent":["//import React\nimport React from 'react';\n\nconst ContentDetail = (props) => {\n\n\treturn (\n\n\t\t<div className=\"art-layout-cell art-sidebar1\">\n\t\t\t<div className=\"art-block\">\n\t\t    \t<div className=\"art-block-body\">\n\t\t        \t<div className=\"art-blockheader\">\n\t                    <div className=\"l\"></div>\n\t                    <div className=\"r\"></div>\n\t                    <h3 className=\"t\">{props.image.blok_title}</h3>\n\t                </div>\n\t                <div className=\"art-blockcontent\">\n\t                    <div className=\"art-blockcontent-tl\"></div>\n\t                    <div className=\"art-blockcontent-tr\"></div>\n\t                    <div className=\"art-blockcontent-bl\"></div>\n\t                    <div className=\"art-blockcontent-br\"></div>\n\t                    <div className=\"art-blockcontent-tc\"></div>\n\t                    <div className=\"art-blockcontent-bc\"></div>\n\t                    <div className=\"art-blockcontent-cl\"></div>\n\t                    <div className=\"art-blockcontent-cr\"></div>\n\t                    <div className=\"art-blockcontent-cc\"></div>\n\t                    <div className=\"art-blockcontent-body\">\n\t\t\t\t\t\t\t{props.image.block_content}\n\t                   \t\t<div className=\"cleared\"></div>\n\t                    </div>\n\t                </div>\n\t\t\t\t\t<div className=\"cleared\"></div>\n\t\t    \t</div>\n\t\t\t</div>\n\t\t\t<div className=\"cleared\"></div>\n\t\t</div>\n\n\t\t);\n}\n\nexport default ContentDetail;\n"]},"hash":"080e03e6b8b42027d56a277d347aed22b2413d4f"}
