{"metadata":{"usedHelpers":[],"marked":[],"modules":{"imports":[],"exports":{"exported":[],"specifiers":[]}}},"options":{"filename":"/imports/ui/pages/two.jsx","filenameRelative":"/imports/ui/pages/two.jsx","env":{},"retainLines":false,"highlightCode":true,"suppressDeprecationMessages":false,"presets":[],"plugins":[[[],{"polyfill":false}],[[],null],[[],null],[[],null],[[],null],[[],null],[[],null],[[],null],[[],null],[[],null],[[],null],[[],null],[[],null],[[],null],[[],{"loose":true}],[[],{"loose":true}],[[],null],[[],{"loose":true}],[[],null],[[],null],[[],null],[[],null],[[],null],[[],null],[[],null],[[],{"loose":true}],[[],null],[[],null],[[],null],[[],null],[[],null],[[],null],[[],null],[[],null]],"ignore":[],"code":true,"metadata":true,"ast":false,"comments":true,"compact":false,"minified":false,"sourceMap":true,"sourceMaps":true,"sourceMapTarget":"/imports/ui/pages/two.jsx.map","sourceFileName":"/imports/ui/pages/two.jsx","babelrc":false,"sourceType":"module","moduleIds":false,"passPerPreset":false,"basename":"two"},"ignored":false,"code":"dsfdsf;","ast":null,"map":{"version":3,"sources":["/imports/ui/pages/two.jsx"],"names":[],"mappings":"AAAA","file":"/imports/ui/pages/two.jsx.map","sourcesContent":["dsfdsf"]},"hash":"0c279bfb138becb329e828ab588e4d02a2659d59"}
