{"metadata":{"usedHelpers":[],"marked":[],"modules":{"imports":[{"source":"react","imported":["default"],"specifiers":[{"kind":"named","imported":"default","local":"React"}]},{"source":"react-router","imported":["Link"],"specifiers":[{"kind":"named","imported":"Link","local":"Link"}]}],"exports":{"exported":["Footer"],"specifiers":[{"kind":"local","local":"Footer","exported":"Footer"}]}}},"options":{"filename":"/imports/ui/pages/footer.js","filenameRelative":"/imports/ui/pages/footer.js","env":{},"retainLines":false,"highlightCode":true,"suppressDeprecationMessages":false,"presets":[],"plugins":[[[],{"polyfill":false}],[[],null],[[],null],[[],null],[[],null],[[],null],[[],null],[[],null],[[],null],[[],null],[[],null],[[],null],[[],null],[[],null],[[],null],[[],null],[[],{"loose":true}],[[],{"loose":true}],[[],null],[[],{"loose":true}],[[],null],[[],null],[[],null],[[],null],[[],null],[[],null],[[],null],[[],{"loose":true}],[[],null],[[],null],[[],null],[[],null],[[],null],[[],null],[[],null],[[],null]],"ignore":[],"code":true,"metadata":true,"ast":false,"comments":true,"compact":false,"minified":false,"sourceMap":true,"sourceMaps":true,"sourceMapTarget":"/imports/ui/pages/footer.js.map","sourceFileName":"/imports/ui/pages/footer.js","babelrc":false,"sourceType":"module","moduleIds":false,"passPerPreset":false,"basename":"footer"},"ignored":false,"code":"module.export({Footer:function(){return Footer}});var React;module.import('react',{\"default\":function(v){React=v}});var Link;module.import('react-router',{\"Link\":function(v){Link=v}});//import React\n\n\n\n// Create Component & export here\n\nvar Footer = function Footer() {\n\t\treturn React.createElement(\n\t\t\t\t'div',\n\t\t\t\t{ className: 'art-footer' },\n\t\t\t\t'\\'',\n\t\t\t\tReact.createElement('div', { className: 'art-footer-t' }),\n\t\t\t\tReact.createElement(\n\t\t\t\t\t\t'div',\n\t\t\t\t\t\t{ className: 'art-footer-body' },\n\t\t\t\t\t\tReact.createElement(\n\t\t\t\t\t\t\t\t'div',\n\t\t\t\t\t\t\t\t{ className: 'art-footer-center' },\n\t\t\t\t\t\t\t\tReact.createElement(\n\t\t\t\t\t\t\t\t\t\t'div',\n\t\t\t\t\t\t\t\t\t\t{ className: 'art-footer-wrapper' },\n\t\t\t\t\t\t\t\t\t\tReact.createElement(\n\t\t\t\t\t\t\t\t\t\t\t\t'div',\n\t\t\t\t\t\t\t\t\t\t\t\t{ className: 'art-footer-text' },\n\t\t\t\t\t\t\t\t\t\t\t\tReact.createElement(Link, { to: '#', className: 'art-rss-tag-icon', title: 'RSS' }),\n\t\t\t\t\t\t\t\t\t\t\t\tReact.createElement(\n\t\t\t\t\t\t\t\t\t\t\t\t\t\t'p',\n\t\t\t\t\t\t\t\t\t\t\t\t\t\tnull,\n\t\t\t\t\t\t\t\t\t\t\t\t\t\tReact.createElement(\n\t\t\t\t\t\t\t\t\t\t\t\t\t\t\t\tLink,\n\t\t\t\t\t\t\t\t\t\t\t\t\t\t\t\t{ to: '#' },\n\t\t\t\t\t\t\t\t\t\t\t\t\t\t\t\t'Link1'\n\t\t\t\t\t\t\t\t\t\t\t\t\t\t),\n\t\t\t\t\t\t\t\t\t\t\t\t\t\t' | ',\n\t\t\t\t\t\t\t\t\t\t\t\t\t\tReact.createElement(\n\t\t\t\t\t\t\t\t\t\t\t\t\t\t\t\tLink,\n\t\t\t\t\t\t\t\t\t\t\t\t\t\t\t\t{ to: '#' },\n\t\t\t\t\t\t\t\t\t\t\t\t\t\t\t\t'Link2'\n\t\t\t\t\t\t\t\t\t\t\t\t\t\t),\n\t\t\t\t\t\t\t\t\t\t\t\t\t\t' | ',\n\t\t\t\t\t\t\t\t\t\t\t\t\t\tReact.createElement(\n\t\t\t\t\t\t\t\t\t\t\t\t\t\t\t\tLink,\n\t\t\t\t\t\t\t\t\t\t\t\t\t\t\t\t{ to: '#' },\n\t\t\t\t\t\t\t\t\t\t\t\t\t\t\t\t'Link3'\n\t\t\t\t\t\t\t\t\t\t\t\t\t\t)\n\t\t\t\t\t\t\t\t\t\t\t\t),\n\t\t\t\t\t\t\t\t\t\t\t\tReact.createElement(\n\t\t\t\t\t\t\t\t\t\t\t\t\t\t'p',\n\t\t\t\t\t\t\t\t\t\t\t\t\t\tnull,\n\t\t\t\t\t\t\t\t\t\t\t\t\t\t'Copyright © 2011. All Rights Reserved.'\n\t\t\t\t\t\t\t\t\t\t\t\t),\n\t\t\t\t\t\t\t\t\t\t\t\tReact.createElement('div', { className: 'cleared' }),\n\t\t\t\t\t\t\t\t\t\t\t\tReact.createElement(\n\t\t\t\t\t\t\t\t\t\t\t\t\t\t'p',\n\t\t\t\t\t\t\t\t\t\t\t\t\t\t{ className: 'art-page-footer' },\n\t\t\t\t\t\t\t\t\t\t\t\t\t\tReact.createElement(\n\t\t\t\t\t\t\t\t\t\t\t\t\t\t\t\tLink,\n\t\t\t\t\t\t\t\t\t\t\t\t\t\t\t\t{ to: 'http://www.2createawebsite.com/artisteer' },\n\t\t\t\t\t\t\t\t\t\t\t\t\t\t\t\t'Website Template created with Artisteer'\n\t\t\t\t\t\t\t\t\t\t\t\t\t\t),\n\t\t\t\t\t\t\t\t\t\t\t\t\t\t'.'\n\t\t\t\t\t\t\t\t\t\t\t\t)\n\t\t\t\t\t\t\t\t\t\t)\n\t\t\t\t\t\t\t\t)\n\t\t\t\t\t\t),\n\t\t\t\t\t\tReact.createElement('div', { className: 'cleared' })\n\t\t\t\t),\n\t\t\t\t'\\''\n\t\t);\n};","ast":null,"map":{"version":3,"sources":["/imports/ui/pages/footer.js"],"names":[],"mappings":";AACA,OAAO,KAAP,MAAkB,OAAlB;AACA,SAAS,IAAT,QAAqB,cAArB;;;;AAKA,OAAO,IAAM,SAAS,SAAT,MAAS,GAAM;AAC3B,SACE;AAAA;AAAA,MAAK,WAAU,YAAf;AAAA;AACW,iCAAK,WAAU,cAAf,GADX;AAEU;AAAA;AAAA,QAAK,WAAU,iBAAf;AACI;AAAA;AAAA,UAAK,WAAU,mBAAf;AACI;AAAA;AAAA,YAAK,WAAU,oBAAf;AACI;AAAA;AAAA,cAAK,WAAU,iBAAf;AACI,gCAAC,IAAD,IAAM,IAAG,GAAT,EAAa,WAAU,kBAAvB,EAA0C,OAAM,KAAhD,GADJ;AAGQ;AAAA;AAAA;AAAG;AAAC,oBAAD;AAAA,kBAAM,IAAG,GAAT;AAAA;AAAA,eAAH;AAAA;AAA+B;AAAC,oBAAD;AAAA,kBAAM,IAAG,GAAT;AAAA;AAAA,eAA/B;AAAA;AAA2D;AAAC,oBAAD;AAAA,kBAAM,IAAG,GAAT;AAAA;AAAA;AAA3D,aAHR;AAIQ;AAAA;AAAA;AAAA;AAAA,aAJR;AAMM,yCAAK,WAAU,SAAf,GANN;AAOM;AAAA;AAAA,gBAAG,WAAU,iBAAb;AAA+B;AAAC,oBAAD;AAAA,kBAAM,IAAG,0CAAT;AAAA;AAAA,eAA/B;AAAA;AAAA;AAPN;AADJ;AADJ,OADJ;AAcI,mCAAK,WAAU,SAAf;AAdJ,KAFV;AAAA;AAAA,GADF;AAqBA,CAtBM","file":"/imports/ui/pages/footer.js.map","sourcesContent":["//import React \nimport React from 'react';\nimport { Link } from 'react-router'\n\n\n// Create Component & export here\n\nexport const Footer = () => {\n\treturn (\n\t\t\t<div className=\"art-footer\">\n\t            '<div className=\"art-footer-t\"></div>\n\t            <div className=\"art-footer-body\">\n\t                <div className=\"art-footer-center\">\n\t                    <div className=\"art-footer-wrapper\">\n\t                        <div className=\"art-footer-text\">\n\t                            <Link to=\"#\" className=\"art-rss-tag-icon\" title=\"RSS\"></Link>\n\t                              \n\t                                <p><Link to=\"#\">Link1</Link> | <Link to=\"#\">Link2</Link> | <Link to=\"#\">Link3</Link></p>\n\t                                <p>Copyright © 2011. All Rights Reserved.</p>\n\n\t                              <div className=\"cleared\"></div>\n\t                              <p className=\"art-page-footer\"><Link to=\"http://www.2createawebsite.com/artisteer\">Website Template created with Artisteer</Link>.</p>\n\t                        </div>\n\t                    </div>\n\t                </div>\n\t                <div className=\"cleared\"></div>\n\t            </div>'\n\t        </div>\n\t\t);\n}"]},"hash":"0cdedd4cc353f15fdbe013624c52ae0f8dd088d4"}
