{"metadata":{"usedHelpers":[],"marked":[],"modules":{"imports":[{"source":"react","imported":["default"],"specifiers":[{"kind":"named","imported":"default","local":"React"}]},{"source":"react-router","imported":["Link"],"specifiers":[{"kind":"named","imported":"Link","local":"Link"}]}],"exports":{"exported":[],"specifiers":[]}}},"options":{"filename":"/imports/ui/pages/header.js","filenameRelative":"/imports/ui/pages/header.js","env":{},"retainLines":false,"highlightCode":true,"suppressDeprecationMessages":false,"presets":[],"plugins":[[[],{"polyfill":false}],[[],null],[[],null],[[],null],[[],null],[[],null],[[],null],[[],null],[[],null],[[],null],[[],null],[[],null],[[],null],[[],null],[[],null],[[],null],[[],{"loose":true}],[[],{"loose":true}],[[],null],[[],{"loose":true}],[[],null],[[],null],[[],null],[[],null],[[],null],[[],null],[[],null],[[],{"loose":true}],[[],null],[[],null],[[],null],[[],null],[[],null],[[],null],[[],null],[[],null]],"ignore":[],"code":true,"metadata":true,"ast":false,"comments":true,"compact":false,"minified":false,"sourceMap":true,"sourceMaps":true,"sourceMapTarget":"/imports/ui/pages/header.js.map","sourceFileName":"/imports/ui/pages/header.js","babelrc":false,"sourceType":"module","moduleIds":false,"passPerPreset":false,"basename":"header"},"ignored":false,"code":"var React;module.import('react',{\"default\":function(v){React=v}});var Link;module.import('react-router',{\"Link\":function(v){Link=v}});//import React\n\n\n\n//Create Component & export here\n\nvar Menu = function Menu() {\n\t\treturn React.createElement(\n\t\t\t\t'div',\n\t\t\t\t{ 'class': 'art-header' },\n\t\t\t\tReact.createElement(\n\t\t\t\t\t\t'div',\n\t\t\t\t\t\t{ 'class': 'art-header-clip' },\n\t\t\t\t\t\tReact.createElement(\n\t\t\t\t\t\t\t\t'div',\n\t\t\t\t\t\t\t\t{ 'class': 'art-header-center' },\n\t\t\t\t\t\t\t\tReact.createElement('div', { 'class': 'art-header-jpeg' })\n\t\t\t\t\t\t)\n\t\t\t\t),\n\t\t\t\tReact.createElement(\n\t\t\t\t\t\t'div',\n\t\t\t\t\t\t{ 'class': 'art-header-wrapper' },\n\t\t\t\t\t\tReact.createElement(\n\t\t\t\t\t\t\t\t'div',\n\t\t\t\t\t\t\t\t{ 'class': 'art-header-inner' },\n\t\t\t\t\t\t\t\tReact.createElement(\n\t\t\t\t\t\t\t\t\t\t'div',\n\t\t\t\t\t\t\t\t\t\t{ 'class': 'art-logo' },\n\t\t\t\t\t\t\t\t\t\tReact.createElement(\n\t\t\t\t\t\t\t\t\t\t\t\t'h1',\n\t\t\t\t\t\t\t\t\t\t\t\t{ 'class': 'art-logo-name' },\n\t\t\t\t\t\t\t\t\t\t\t\tReact.createElement(\n\t\t\t\t\t\t\t\t\t\t\t\t\t\t'a',\n\t\t\t\t\t\t\t\t\t\t\t\t\t\t{ href: '/' },\n\t\t\t\t\t\t\t\t\t\t\t\t\t\t'Enter Site Title'\n\t\t\t\t\t\t\t\t\t\t\t\t)\n\t\t\t\t\t\t\t\t\t\t),\n\t\t\t\t\t\t\t\t\t\tReact.createElement(\n\t\t\t\t\t\t\t\t\t\t\t\t'h2',\n\t\t\t\t\t\t\t\t\t\t\t\t{ 'class': 'art-logo-text' },\n\t\t\t\t\t\t\t\t\t\t\t\t'Enter Site Slogan'\n\t\t\t\t\t\t\t\t\t\t)\n\t\t\t\t\t\t\t\t)\n\t\t\t\t\t\t)\n\t\t\t\t)\n\t\t);\n};","ast":null,"map":{"version":3,"sources":["/imports/ui/pages/header.js"],"names":[],"mappings":";AACA,OAAO,KAAP,MAAkB,OAAlB;AACA,SAAS,IAAT,QAAqB,cAArB;;;;AAIA,IAAM,OAAO,SAAP,IAAO,GAAM;AAClB,SACE;AAAA;AAAA,MAAK,SAAM,YAAX;AACU;AAAA;AAAA,QAAK,SAAM,iBAAX;AACI;AAAA;AAAA,UAAK,SAAM,mBAAX;AACI,qCAAK,SAAM,iBAAX;AADJ;AADJ,KADV;AAMU;AAAA;AAAA,QAAK,SAAM,oBAAX;AACI;AAAA;AAAA,UAAK,SAAM,kBAAX;AACI;AAAA;AAAA,YAAK,SAAM,UAAX;AACI;AAAA;AAAA,cAAI,SAAM,eAAV;AAA0B;AAAA;AAAA,gBAAG,MAAK,GAAR;AAAA;AAAA;AAA1B,WADJ;AAEQ;AAAA;AAAA,cAAI,SAAM,eAAV;AAAA;AAAA;AAFR;AADJ;AADJ;AANV,GADF;AAiBA,CAlBD","file":"/imports/ui/pages/header.js.map","sourcesContent":["//import React\nimport React from 'react';\nimport { Link } from 'react-router';\n\n//Create Component & export here\n\nconst Menu = () => {\n\treturn (\n\t\t\t<div class=\"art-header\">\n\t            <div class=\"art-header-clip\">\n\t                <div class=\"art-header-center\">\n\t                    <div class=\"art-header-jpeg\"></div>\n\t                </div>\n\t            </div>\n\t            <div class=\"art-header-wrapper\">\n\t                <div class=\"art-header-inner\">\n\t                    <div class=\"art-logo\">\n\t                        <h1 class=\"art-logo-name\"><a href=\"/\">Enter Site Title</a></h1>\n\t                            <h2 class=\"art-logo-text\">Enter Site Slogan</h2>\n\t                    </div>\n\t                </div>\n\t            </div>\n\t        </div>\n\t\t);\n}"]},"hash":"13e5374830e37d8558a3d5c2bdd02ccc1451ec2d"}
