{"metadata":{"usedHelpers":[],"marked":[],"modules":{"imports":[{"source":"react","imported":["default"],"specifiers":[{"kind":"named","imported":"default","local":"React"}]},{"source":"../components/navigation.jsx","imported":["Navigation"],"specifiers":[{"kind":"named","imported":"Navigation","local":"Navigation"}]},{"source":"../components/header","imported":["default"],"specifiers":[{"kind":"named","imported":"default","local":"Header"}]}],"exports":{"exported":["App"],"specifiers":[{"kind":"local","local":"App","exported":"App"}]}}},"options":{"filename":"/imports/ui/layouts/app.jsx","filenameRelative":"/imports/ui/layouts/app.jsx","env":{},"retainLines":false,"highlightCode":true,"suppressDeprecationMessages":false,"presets":[],"plugins":[[[],{"polyfill":false}],[[],null],[[],null],[[],null],[[],null],[[],null],[[],null],[[],null],[[],null],[[],null],[[],null],[[],null],[[],null],[[],null],[[],null],[[],null],[[],{"loose":true}],[[],{"loose":true}],[[],null],[[],{"loose":true}],[[],null],[[],null],[[],null],[[],null],[[],null],[[],null],[[],null],[[],{"loose":true}],[[],null],[[],null],[[],null],[[],null],[[],null],[[],null],[[],null],[[],null]],"ignore":[],"code":true,"metadata":true,"ast":false,"comments":true,"compact":false,"minified":false,"sourceMap":true,"sourceMaps":true,"sourceMapTarget":"/imports/ui/layouts/app.jsx.map","sourceFileName":"/imports/ui/layouts/app.jsx","babelrc":false,"sourceType":"module","moduleIds":false,"passPerPreset":false,"basename":"app"},"ignored":false,"code":"module.export({App:function(){return App}});var React;module.import('react',{\"default\":function(v){React=v}});var Navigation;module.import('../components/navigation.jsx',{\"Navigation\":function(v){Navigation=v}});var Header;module.import('../components/header',{\"default\":function(v){Header=v}});\n\n\n\nvar App = function App(_ref) {\n      var children = _ref.children;\n      return React.createElement(\n            'div',\n            { id: 'art-main' },\n            React.createElement('div', { className: 'cleared reset-box' }),\n            React.createElement(Navigation, null),\n            React.createElement('div', { className: 'cleared reset-box' }),\n            React.createElement(Header, null),\n            React.createElement('div', { className: 'cleared reset-box' }),\n            children,\n            React.createElement(Header, null),\n            React.createElement('div', { className: 'cleared' })\n      );\n};","ast":null,"map":{"version":3,"sources":["/imports/ui/layouts/app.jsx"],"names":[],"mappings":"AAAA,OAAO,KAAP,MAAkB,OAAlB;AACA,SAAS,UAAT,QAA2B,8BAA3B;AACA,OAAO,MAAP,MAAmB,sBAAnB;;AAEA,OAAO,IAAM,MAAM,SAAN,GAAM;AAAA,UAAI,QAAJ,QAAI,QAAJ;AAAA,aAEjB;AAAA;AAAA,cAAK,IAAG,UAAR;AACM,yCAAK,WAAU,mBAAf,GADN;AAGM,gCAAC,UAAD,OAHN;AAMM,yCAAK,WAAU,mBAAf,GANN;AAOM,gCAAC,MAAD,OAPN;AAUM,yCAAK,WAAU,mBAAf,GAVN;AAWQ,oBAXR;AAcM,gCAAC,MAAD,OAdN;AAeM,yCAAK,WAAU,SAAf;AAfN,OAFiB;AAAA,CAAZ","file":"/imports/ui/layouts/app.jsx.map","sourcesContent":["import React from 'react';\nimport { Navigation } from '../components/navigation.jsx';\nimport Header from '../components/header';\n\nexport const App = ( { children } ) => (\n\n  <div id=\"art-main\">\n        <div className=\"cleared reset-box\"></div>\n\n        <Navigation />\n\n\n        <div className=\"cleared reset-box\"></div>\n        <Header />\n\n\n        <div className=\"cleared reset-box\"></div>\n        { children }\n\n\n        <Header />\n        <div className=\"cleared\"></div>\n\n    </div>\n\n);"]},"hash":"151cacb11e6bb38752ee823f47c48919c2b5aead"}
