{"metadata":{"usedHelpers":[],"marked":[],"modules":{"imports":[{"source":"react","imported":["default"],"specifiers":[{"kind":"named","imported":"default","local":"React"}]}],"exports":{"exported":[],"specifiers":[]}}},"options":{"filename":"/imports/ui/pages/header.js","filenameRelative":"/imports/ui/pages/header.js","env":{},"retainLines":false,"highlightCode":true,"suppressDeprecationMessages":false,"presets":[],"plugins":[[[],{"polyfill":false}],[[],null],[[],null],[[],null],[[],null],[[],null],[[],null],[[],null],[[],null],[[],null],[[],null],[[],null],[[],null],[[],null],[[],null],[[],null],[[],{"loose":true}],[[],{"loose":true}],[[],null],[[],{"loose":true}],[[],null],[[],null],[[],null],[[],null],[[],null],[[],null],[[],null],[[],{"loose":true}],[[],null],[[],null],[[],null],[[],null],[[],null],[[],null],[[],null],[[],null]],"ignore":[],"code":true,"metadata":true,"ast":false,"comments":true,"compact":false,"minified":false,"sourceMap":true,"sourceMaps":true,"sourceMapTarget":"/imports/ui/pages/header.js.map","sourceFileName":"/imports/ui/pages/header.js","babelrc":false,"sourceType":"module","moduleIds":false,"passPerPreset":false,"basename":"header"},"ignored":false,"code":"var React;module.import('react',{\"default\":function(v){React=v}});//import React\n\n\n//Create Component & export here\n\nvar Menu = function Menu() {\n\t\treturn React.createElement(\n\t\t\t\t\"div\",\n\t\t\t\t{ \"class\": \"art-nav\" },\n\t\t\t\tReact.createElement(\"div\", { \"class\": \"art-nav-l\" }),\n\t\t\t\tReact.createElement(\"div\", { \"class\": \"art-nav-r\" }),\n\t\t\t\tReact.createElement(\n\t\t\t\t\t\t\"div\",\n\t\t\t\t\t\t{ \"class\": \"art-nav-outer\" },\n\t\t\t\t\t\tReact.createElement(\n\t\t\t\t\t\t\t\t\"div\",\n\t\t\t\t\t\t\t\t{ \"class\": \"art-nav-wrapper\" },\n\t\t\t\t\t\t\t\tReact.createElement(\n\t\t\t\t\t\t\t\t\t\t\"div\",\n\t\t\t\t\t\t\t\t\t\t{ \"class\": \"art-nav-inner\" },\n\t\t\t\t\t\t\t\t\t\tReact.createElement(\n\t\t\t\t\t\t\t\t\t\t\t\t\"ul\",\n\t\t\t\t\t\t\t\t\t\t\t\t{ \"class\": \"art-hmenu\" },\n\t\t\t\t\t\t\t\t\t\t\t\tReact.createElement(\n\t\t\t\t\t\t\t\t\t\t\t\t\t\t\"li\",\n\t\t\t\t\t\t\t\t\t\t\t\t\t\tnull,\n\t\t\t\t\t\t\t\t\t\t\t\t\t\tReact.createElement(\n\t\t\t\t\t\t\t\t\t\t\t\t\t\t\t\t\"a\",\n\t\t\t\t\t\t\t\t\t\t\t\t\t\t\t\t{ href: \"/\", \"class\": \"active\" },\n\t\t\t\t\t\t\t\t\t\t\t\t\t\t\t\tReact.createElement(\"span\", { \"class\": \"l\" }),\n\t\t\t\t\t\t\t\t\t\t\t\t\t\t\t\tReact.createElement(\"span\", { \"class\": \"r\" }),\n\t\t\t\t\t\t\t\t\t\t\t\t\t\t\t\tReact.createElement(\n\t\t\t\t\t\t\t\t\t\t\t\t\t\t\t\t\t\t\"span\",\n\t\t\t\t\t\t\t\t\t\t\t\t\t\t\t\t\t\t{ \"class\": \"t\" },\n\t\t\t\t\t\t\t\t\t\t\t\t\t\t\t\t\t\t\"Home\"\n\t\t\t\t\t\t\t\t\t\t\t\t\t\t\t\t)\n\t\t\t\t\t\t\t\t\t\t\t\t\t\t)\n\t\t\t\t\t\t\t\t\t\t\t\t),\n\t\t\t\t\t\t\t\t\t\t\t\tReact.createElement(\n\t\t\t\t\t\t\t\t\t\t\t\t\t\t\"li\",\n\t\t\t\t\t\t\t\t\t\t\t\t\t\t{ \"class\": \"art-hmenu-li-separator\" },\n\t\t\t\t\t\t\t\t\t\t\t\t\t\tReact.createElement(\n\t\t\t\t\t\t\t\t\t\t\t\t\t\t\t\t\"span\",\n\t\t\t\t\t\t\t\t\t\t\t\t\t\t\t\t{ \"class\": \"art-hmenu-separator\" },\n\t\t\t\t\t\t\t\t\t\t\t\t\t\t\t\t\" \"\n\t\t\t\t\t\t\t\t\t\t\t\t\t\t)\n\t\t\t\t\t\t\t\t\t\t\t\t),\n\t\t\t\t\t\t\t\t\t\t\t\tReact.createElement(\n\t\t\t\t\t\t\t\t\t\t\t\t\t\t\"li\",\n\t\t\t\t\t\t\t\t\t\t\t\t\t\tnull,\n\t\t\t\t\t\t\t\t\t\t\t\t\t\tReact.createElement(\n\t\t\t\t\t\t\t\t\t\t\t\t\t\t\t\t\"a\",\n\t\t\t\t\t\t\t\t\t\t\t\t\t\t\t\t{ href: \"/about_us\" },\n\t\t\t\t\t\t\t\t\t\t\t\t\t\t\t\tReact.createElement(\"span\", { \"class\": \"l\" }),\n\t\t\t\t\t\t\t\t\t\t\t\t\t\t\t\tReact.createElement(\"span\", { \"class\": \"r\" }),\n\t\t\t\t\t\t\t\t\t\t\t\t\t\t\t\tReact.createElement(\n\t\t\t\t\t\t\t\t\t\t\t\t\t\t\t\t\t\t\"span\",\n\t\t\t\t\t\t\t\t\t\t\t\t\t\t\t\t\t\t{ \"class\": \"t\" },\n\t\t\t\t\t\t\t\t\t\t\t\t\t\t\t\t\t\t\"About Us\"\n\t\t\t\t\t\t\t\t\t\t\t\t\t\t\t\t)\n\t\t\t\t\t\t\t\t\t\t\t\t\t\t)\n\t\t\t\t\t\t\t\t\t\t\t\t),\n\t\t\t\t\t\t\t\t\t\t\t\tReact.createElement(\n\t\t\t\t\t\t\t\t\t\t\t\t\t\t\"li\",\n\t\t\t\t\t\t\t\t\t\t\t\t\t\tnull,\n\t\t\t\t\t\t\t\t\t\t\t\t\t\tReact.createElement(\n\t\t\t\t\t\t\t\t\t\t\t\t\t\t\t\t\"a\",\n\t\t\t\t\t\t\t\t\t\t\t\t\t\t\t\t{ href: \"/contact_us\" },\n\t\t\t\t\t\t\t\t\t\t\t\t\t\t\t\tReact.createElement(\"span\", { \"class\": \"l\" }),\n\t\t\t\t\t\t\t\t\t\t\t\t\t\t\t\tReact.createElement(\"span\", { \"class\": \"r\" }),\n\t\t\t\t\t\t\t\t\t\t\t\t\t\t\t\tReact.createElement(\n\t\t\t\t\t\t\t\t\t\t\t\t\t\t\t\t\t\t\"span\",\n\t\t\t\t\t\t\t\t\t\t\t\t\t\t\t\t\t\t{ \"class\": \"t\" },\n\t\t\t\t\t\t\t\t\t\t\t\t\t\t\t\t\t\t\"Contact Us\"\n\t\t\t\t\t\t\t\t\t\t\t\t\t\t\t\t)\n\t\t\t\t\t\t\t\t\t\t\t\t\t\t)\n\t\t\t\t\t\t\t\t\t\t\t\t)\n\t\t\t\t\t\t\t\t\t\t)\n\t\t\t\t\t\t\t\t)\n\t\t\t\t\t\t)\n\t\t\t\t)\n\t\t);\n};","ast":null,"map":{"version":3,"sources":["/imports/ui/pages/header.js"],"names":[],"mappings":";AACA,OAAO,KAAP,MAAkB,OAAlB;;;;AAKA,IAAM,OAAO,SAAP,IAAO,GAAM;AAClB,SACE;AAAA;AAAA,MAAK,SAAM,SAAX;AACU,iCAAK,SAAM,WAAX,GADV;AAEU,iCAAK,SAAM,WAAX,GAFV;AAGU;AAAA;AAAA,QAAK,SAAM,eAAX;AACI;AAAA;AAAA,UAAK,SAAM,iBAAX;AACI;AAAA;AAAA,YAAK,SAAM,eAAX;AACI;AAAA;AAAA,cAAI,SAAM,WAAV;AACE;AAAA;AAAA;AACE;AAAA;AAAA,kBAAG,MAAK,GAAR,EAAY,SAAM,QAAlB;AAA2B,8CAAM,SAAM,GAAZ,GAA3B;AAAkD,8CAAM,SAAM,GAAZ,GAAlD;AAAyE;AAAA;AAAA,oBAAM,SAAM,GAAZ;AAAA;AAAA;AAAzE;AADF,aADF;AAGO;AAAA;AAAA,gBAAI,SAAM,wBAAV;AAAmC;AAAA;AAAA,kBAAM,SAAM,qBAAZ;AAAA;AAAA;AAAnC,aAHP;AAIE;AAAA;AAAA;AACE;AAAA;AAAA,kBAAG,MAAK,WAAR;AAAoB,8CAAM,SAAM,GAAZ,GAApB;AAA2C,8CAAM,SAAM,GAAZ,GAA3C;AAAkE;AAAA;AAAA,oBAAM,SAAM,GAAZ;AAAA;AAAA;AAAlE;AADF,aAJF;AAOE;AAAA;AAAA;AACE;AAAA;AAAA,kBAAG,MAAK,aAAR;AAAsB,8CAAM,SAAM,GAAZ,GAAtB;AAA6C,8CAAM,SAAM,GAAZ,GAA7C;AAAoE;AAAA;AAAA,oBAAM,SAAM,GAAZ;AAAA;AAAA;AAApE;AADF;AAPF;AADJ;AADJ;AADJ;AAHV,GADF;AAuBA,CAxBD","file":"/imports/ui/pages/header.js.map","sourcesContent":["//import React\nimport React from 'react';\n\n\n//Create Component & export here\n\nconst Menu = () => {\n\treturn (\n\t\t\t<div class=\"art-nav\">\n\t            <div class=\"art-nav-l\"></div>\n\t            <div class=\"art-nav-r\"></div>\n\t            <div class=\"art-nav-outer\">\n\t                <div class=\"art-nav-wrapper\">\n\t                    <div class=\"art-nav-inner\">\n\t                        <ul class=\"art-hmenu\">\n\t                          <li>\n\t                            <a href=\"/\" class=\"active\"><span class=\"l\"></span><span class=\"r\"></span><span class=\"t\">Home</span></a>\n\t                          </li><li class=\"art-hmenu-li-separator\"><span class=\"art-hmenu-separator\"> </span></li> \n\t                          <li>\n\t                            <a href=\"/about_us\"><span class=\"l\"></span><span class=\"r\"></span><span class=\"t\">About Us</span></a>\n\t                          </li> \n\t                          <li>\n\t                            <a href=\"/contact_us\"><span class=\"l\"></span><span class=\"r\"></span><span class=\"t\">Contact Us</span></a>\n\t                          </li> \n\t                        </ul>\n\t                    </div>\n\t                </div>\n\t            </div>\n        \t</div>\n\t\t);\n}"]},"hash":"180d8eb720e4c59e02b62c10a59dae675c899039"}
