{"metadata":{"usedHelpers":[],"marked":[],"modules":{"imports":[{"source":"react","imported":["default"],"specifiers":[{"kind":"named","imported":"default","local":"React"}]},{"source":"react-router","imported":["IndexLink","Link"],"specifiers":[{"kind":"named","imported":"IndexLink","local":"IndexLink"},{"kind":"named","imported":"Link","local":"Link"}]}],"exports":{"exported":["Navigation"],"specifiers":[{"kind":"local","local":"Navigation","exported":"Navigation"}]}}},"options":{"filename":"/imports/ui/components/navigation.jsx","filenameRelative":"/imports/ui/components/navigation.jsx","env":{},"retainLines":false,"highlightCode":true,"suppressDeprecationMessages":false,"presets":[],"plugins":[[[],{"polyfill":false}],[[],null],[[],null],[[],null],[[],null],[[],null],[[],null],[[],null],[[],null],[[],null],[[],null],[[],null],[[],null],[[],null],[[],null],[[],null],[[],{"loose":true}],[[],{"loose":true}],[[],null],[[],{"loose":true}],[[],null],[[],null],[[],null],[[],null],[[],null],[[],null],[[],null],[[],{"loose":true}],[[],null],[[],null],[[],null],[[],null],[[],null],[[],null],[[],null],[[],null]],"ignore":[],"code":true,"metadata":true,"ast":false,"comments":true,"compact":false,"minified":false,"sourceMap":true,"sourceMaps":true,"sourceMapTarget":"/imports/ui/components/navigation.jsx.map","sourceFileName":"/imports/ui/components/navigation.jsx","babelrc":false,"sourceType":"module","moduleIds":false,"passPerPreset":false,"basename":"navigation"},"ignored":false,"code":"module.export({Navigation:function(){return Navigation}});var React;module.import('react',{\"default\":function(v){React=v}});var IndexLink,Link;module.import('react-router',{\"IndexLink\":function(v){IndexLink=v},\"Link\":function(v){Link=v}});\n\n\nvar Navigation = function Navigation() {\n  return React.createElement(\n    'div',\n    { className: 'art-nav __web-inspector-hide-shortcut__' },\n    React.createElement('div', { className: 'art-nav-l' }),\n    React.createElement('div', { className: 'art-nav-r' }),\n    React.createElement(\n      'div',\n      { className: 'art-nav-outer' },\n      React.createElement(\n        'div',\n        { className: 'art-nav-wrapper' },\n        React.createElement(\n          'div',\n          { className: 'art-nav-inner' },\n          React.createElement(\n            'ul',\n            { className: 'art-hmenu' },\n            React.createElement(\n              'li',\n              null,\n              React.createElement(\n                'a',\n                { href: '/', className: 'active' },\n                React.createElement('span', { className: 'l' }),\n                React.createElement('span', { className: 'r' }),\n                React.createElement(\n                  'span',\n                  { className: 't' },\n                  'Home'\n                )\n              )\n            ),\n            React.createElement(\n              'li',\n              { className: 'art-hmenu-li-separator' },\n              React.createElement(\n                'span',\n                { className: 'art-hmenu-separator' },\n                ' '\n              )\n            ),\n            React.createElement(\n              'li',\n              null,\n              React.createElement(\n                'a',\n                { href: '/about_us' },\n                React.createElement('span', { className: 'l' }),\n                React.createElement('span', { className: 'r' }),\n                React.createElement(\n                  'span',\n                  { className: 't' },\n                  'About Us'\n                )\n              )\n            ),\n            React.createElement(\n              'li',\n              null,\n              React.createElement(\n                'a',\n                { href: '/contact_us' },\n                React.createElement('span', { className: 'l' }),\n                React.createElement('span', { className: 'r' }),\n                React.createElement(\n                  'span',\n                  { className: 't' },\n                  'Contact Us'\n                )\n              )\n            )\n          )\n        )\n      )\n    )\n  );\n};","ast":null,"map":{"version":3,"sources":["/imports/ui/components/navigation.jsx"],"names":[],"mappings":"AAAA,OAAO,KAAP,MAAkB,OAAlB;AACA,SAAS,SAAT,EAAoB,IAApB,QAAgC,cAAhC;;AAEA,OAAO,IAAM,aAAa,SAAb,UAAa;AAAA,SACxB;AAAA;AAAA,MAAK,WAAU,yCAAf;AACU,iCAAK,WAAU,WAAf,GADV;AAEU,iCAAK,WAAU,WAAf,GAFV;AAGU;AAAA;AAAA,QAAK,WAAU,eAAf;AACI;AAAA;AAAA,UAAK,WAAU,iBAAf;AACI;AAAA;AAAA,YAAK,WAAU,eAAf;AACI;AAAA;AAAA,cAAI,WAAU,WAAd;AACE;AAAA;AAAA;AACE;AAAA;AAAA,kBAAG,MAAK,GAAR,EAAY,WAAU,QAAtB;AAA+B,8CAAM,WAAU,GAAhB,GAA/B;AAA0D,8CAAM,WAAU,GAAhB,GAA1D;AAAqF;AAAA;AAAA,oBAAM,WAAU,GAAhB;AAAA;AAAA;AAArF;AADF,aADF;AAGO;AAAA;AAAA,gBAAI,WAAU,wBAAd;AAAuC;AAAA;AAAA,kBAAM,WAAU,qBAAhB;AAAA;AAAA;AAAvC,aAHP;AAIE;AAAA;AAAA;AACE;AAAA;AAAA,kBAAG,MAAK,WAAR;AAAoB,8CAAM,WAAU,GAAhB,GAApB;AAA+C,8CAAM,WAAU,GAAhB,GAA/C;AAA0E;AAAA;AAAA,oBAAM,WAAU,GAAhB;AAAA;AAAA;AAA1E;AADF,aAJF;AAOE;AAAA;AAAA;AACE;AAAA;AAAA,kBAAG,MAAK,aAAR;AAAsB,8CAAM,WAAU,GAAhB,GAAtB;AAAiD,8CAAM,WAAU,GAAhB,GAAjD;AAA4E;AAAA;AAAA,oBAAM,WAAU,GAAhB;AAAA;AAAA;AAA5E;AADF;AAPF;AADJ;AADJ;AADJ;AAHV,GADwB;AAAA,CAAnB","file":"/imports/ui/components/navigation.jsx.map","sourcesContent":["import React from 'react';\nimport { IndexLink, Link } from 'react-router';\n\nexport const Navigation = () => (\n  <div className=\"art-nav __web-inspector-hide-shortcut__\">\n            <div className=\"art-nav-l\"></div>\n            <div className=\"art-nav-r\"></div>\n            <div className=\"art-nav-outer\">\n                <div className=\"art-nav-wrapper\">\n                    <div className=\"art-nav-inner\">\n                        <ul className=\"art-hmenu\">\n                          <li>\n                            <a href=\"/\" className=\"active\"><span className=\"l\"></span><span className=\"r\"></span><span className=\"t\">Home</span></a>\n                          </li><li className=\"art-hmenu-li-separator\"><span className=\"art-hmenu-separator\"> </span></li> \n                          <li>\n                            <a href=\"/about_us\"><span className=\"l\"></span><span className=\"r\"></span><span className=\"t\">About Us</span></a>\n                          </li> \n                          <li>\n                            <a href=\"/contact_us\"><span className=\"l\"></span><span className=\"r\"></span><span className=\"t\">Contact Us</span></a>\n                          </li> \n                        </ul>\n                    </div>\n                </div>\n            </div>\n        </div>\n)"]},"hash":"2713196bfe308b03bcd3fa1e2881a97be13a6743"}
