{"metadata":{"usedHelpers":[],"marked":[],"modules":{"imports":[{"source":"react","imported":["default"],"specifiers":[{"kind":"named","imported":"default","local":"React"}]}],"exports":{"exported":[],"specifiers":[]}}},"options":{"filename":"/imports/ui/pages/image_detail.js","filenameRelative":"/imports/ui/pages/image_detail.js","env":{},"retainLines":false,"highlightCode":true,"suppressDeprecationMessages":false,"presets":[],"plugins":[[[],{"polyfill":false}],[[],null],[[],null],[[],null],[[],null],[[],null],[[],null],[[],null],[[],null],[[],null],[[],null],[[],null],[[],null],[[],null],[[],null],[[],null],[[],{"loose":true}],[[],{"loose":true}],[[],null],[[],{"loose":true}],[[],null],[[],null],[[],null],[[],null],[[],null],[[],null],[[],null],[[],{"loose":true}],[[],null],[[],null],[[],null],[[],null],[[],null],[[],null],[[],null],[[],null]],"ignore":[],"code":true,"metadata":true,"ast":false,"comments":true,"compact":false,"minified":false,"sourceMap":true,"sourceMaps":true,"sourceMapTarget":"/imports/ui/pages/image_detail.js.map","sourceFileName":"/imports/ui/pages/image_detail.js","babelrc":false,"sourceType":"module","moduleIds":false,"passPerPreset":false,"basename":"image_detail"},"ignored":false,"code":"var React;module.import('react',{\"default\":function(v){React=v}});// import react\n\n\n//Create components\nvar ImageDetail = function ImageDetail(props) {\n\treturn React.createElement(\n\t\t\"div\",\n\t\t{ className: \"art-layout-cell art-content\" },\n\t\tReact.createElement(\n\t\t\t\"div\",\n\t\t\t{ className: \"art-post\" },\n\t\t\tReact.createElement(\"div\", { className: \"art-post-tl\" }),\n\t\t\tReact.createElement(\"div\", { className: \"art-post-tr\" }),\n\t\t\tReact.createElement(\"div\", { className: \"art-post-bl\" }),\n\t\t\tReact.createElement(\"div\", { className: \"art-post-br\" }),\n\t\t\tReact.createElement(\"div\", { className: \"art-post-tc\" }),\n\t\t\tReact.createElement(\"div\", { className: \"art-post-bc\" }),\n\t\t\tReact.createElement(\"div\", { className: \"art-post-cl\" }),\n\t\t\tReact.createElement(\"div\", { className: \"art-post-cr\" }),\n\t\t\tReact.createElement(\"div\", { className: \"art-post-cc\" }),\n\t\t\tReact.createElement(\n\t\t\t\t\"div\",\n\t\t\t\t{ className: \"art-post-body\" },\n\t\t\t\tReact.createElement(\n\t\t\t\t\t\"div\",\n\t\t\t\t\t{ className: \"art-post-inner art-article\" },\n\t\t\t\t\tReact.createElement(\n\t\t\t\t\t\t\"h2\",\n\t\t\t\t\t\t{ className: \"art-postheader\" },\n\t\t\t\t\t\tprops.image.title\n\t\t\t\t\t),\n\t\t\t\t\tReact.createElement(\"div\", { className: \"cleared\" }),\n\t\t\t\t\tReact.createElement(\n\t\t\t\t\t\t\"div\",\n\t\t\t\t\t\t{ className: \"art-postcontent\" },\n\t\t\t\t\t\tReact.createElement(\"img\", { src: 'images/' + props.image.url, alt: \"an image\", style: { float: 'left' } }),\n\t\t\t\t\t\tprops.image.detail\n\t\t\t\t\t),\n\t\t\t\t\tReact.createElement(\"div\", { className: \"cleared\" })\n\t\t\t\t),\n\t\t\t\tReact.createElement(\"div\", { className: \"cleared\" })\n\t\t\t)\n\t\t),\n\t\tReact.createElement(\"div\", { className: \"cleared\" })\n\t);\n};\n\n// Export components\nmodule.export(\"default\",exports.default=(ImageDetail));","ast":null,"map":{"version":3,"sources":["/imports/ui/pages/image_detail.js"],"names":[],"mappings":";AACA,OAAO,KAAP,MAAkB,OAAlB;;;AAGA,IAAM,cAAc,SAAd,WAAc,CAAC,KAAD,EAAW;AAC9B,QACe;AAAA;AAAA,IAAK,WAAU,6BAAf;AACR;AAAA;AAAA,KAAK,WAAU,UAAf;AACI,gCAAK,WAAU,aAAf,GADJ;AAEI,gCAAK,WAAU,aAAf,GAFJ;AAGI,gCAAK,WAAU,aAAf,GAHJ;AAII,gCAAK,WAAU,aAAf,GAJJ;AAKI,gCAAK,WAAU,aAAf,GALJ;AAMI,gCAAK,WAAU,aAAf,GANJ;AAOI,gCAAK,WAAU,aAAf,GAPJ;AAQI,gCAAK,WAAU,aAAf,GARJ;AASI,gCAAK,WAAU,aAAf,GATJ;AAUI;AAAA;AAAA,MAAK,WAAU,eAAf;AACI;AAAA;AAAA,OAAK,WAAU,4BAAf;AACI;AAAA;AAAA,QAAI,WAAU,gBAAd;AAAgC,YAAM,KAAN,CAAY;AAA5C,MADJ;AAEI,kCAAK,WAAU,SAAf,GAFJ;AAGI;AAAA;AAAA,QAAK,WAAU,iBAAf;AACC,mCAAK,KAAM,YAAY,MAAM,KAAN,CAAY,GAAnC,EAAyC,KAAI,UAA7C,EAAwD,OAAO,EAAC,OAAO,MAAR,EAA/D,GADD;AAEK,YAAM,KAAN,CAAY;AAFjB,MAHJ;AAOI,kCAAK,WAAU,SAAf;AAPJ,KADJ;AAUI,iCAAK,WAAU,SAAf;AAVJ;AAVJ,GADQ;AAwBV,+BAAK,WAAU,SAAf;AAxBU,EADf;AA4BC,CA7BF;;;AAgCA,eAAe,WAAf","file":"/imports/ui/pages/image_detail.js.map","sourcesContent":["// import react\nimport React from 'react';\n\n//Create components\nconst ImageDetail = (props) => {\n\treturn (\n                <div className=\"art-layout-cell art-content\">\n\t\t\t\t    <div className=\"art-post\">\n\t\t\t\t        <div className=\"art-post-tl\"></div>\n\t\t\t\t        <div className=\"art-post-tr\"></div>\n\t\t\t\t        <div className=\"art-post-bl\"></div>\n\t\t\t\t        <div className=\"art-post-br\"></div>\n\t\t\t\t        <div className=\"art-post-tc\"></div>\n\t\t\t\t        <div className=\"art-post-bc\"></div>\n\t\t\t\t        <div className=\"art-post-cl\"></div>\n\t\t\t\t        <div className=\"art-post-cr\"></div>\n\t\t\t\t        <div className=\"art-post-cc\"></div>\n\t\t\t\t        <div className=\"art-post-body\">\n\t\t\t\t            <div className=\"art-post-inner art-article\">\n\t\t\t\t                <h2 className=\"art-postheader\">{props.image.title}</h2>\n\t\t\t\t                <div className=\"cleared\"></div>\n\t\t\t\t                <div className=\"art-postcontent\">\n\t\t\t\t                \t<img src={ 'images/' + props.image.url } alt=\"an image\" style={{float: 'left'}} />\n\t\t\t\t                    {props.image.detail}\n\t\t\t\t                </div>\n\t\t\t\t                <div className=\"cleared\"></div>\n\t\t\t\t            </div>\n\t\t\t\t            <div className=\"cleared\"></div>\n\t\t\t\t        </div>\n\t\t\t\t      </div>\n\t\t\t\t  <div className=\"cleared\"></div>\n\t\t\t\t</div>\n\t\t\t);\n\t}\n\n// Export components\nexport default ImageDetail;\n"]},"hash":"33b3101c54cb6d4d348e07888f99ab292dc078a7"}
