{"metadata":{"usedHelpers":[],"marked":[],"modules":{"imports":[{"source":"react","imported":["default"],"specifiers":[{"kind":"named","imported":"default","local":"React"}]}],"exports":{"exported":[],"specifiers":[]}}},"options":{"filename":"/imports/ui/pages/one.jsx","filenameRelative":"/imports/ui/pages/one.jsx","env":{},"retainLines":false,"highlightCode":true,"suppressDeprecationMessages":false,"presets":[],"plugins":[[[],{"polyfill":false}],[[],null],[[],null],[[],null],[[],null],[[],null],[[],null],[[],null],[[],null],[[],null],[[],null],[[],null],[[],null],[[],null],[[],null],[[],null],[[],{"loose":true}],[[],{"loose":true}],[[],null],[[],{"loose":true}],[[],null],[[],null],[[],null],[[],null],[[],null],[[],null],[[],null],[[],{"loose":true}],[[],null],[[],null],[[],null],[[],null],[[],null],[[],null],[[],null],[[],null]],"ignore":[],"code":true,"metadata":true,"ast":false,"comments":true,"compact":false,"minified":false,"sourceMap":true,"sourceMaps":true,"sourceMapTarget":"/imports/ui/pages/one.jsx.map","sourceFileName":"/imports/ui/pages/one.jsx","babelrc":false,"sourceType":"module","moduleIds":false,"passPerPreset":false,"basename":"one"},"ignored":false,"code":"var React;module.import('react',{\"default\":function(v){React=v}});\n\n//Create components\nvar One = function One() {\n\n\treturn React.createElement(\n\t\t\"ul\",\n\t\t{ className: \"media-list list-group\" },\n\t\tReact.createElement(\n\t\t\t\"li\",\n\t\t\tnull,\n\t\t\t\"1\"\n\t\t),\n\t\tReact.createElement(\n\t\t\t\"li\",\n\t\t\tnull,\n\t\t\t\"2\"\n\t\t),\n\t\tReact.createElement(\n\t\t\t\"li\",\n\t\t\tnull,\n\t\t\t\"3\"\n\t\t)\n\t);\n};\n\n// Export components\nmodule.export(\"default\",exports.default=(One));","ast":null,"map":{"version":3,"sources":["/imports/ui/pages/one.jsx"],"names":[],"mappings":"AAAA,OAAO,KAAP,MAAkB,OAAlB;;;AAGA,IAAM,MAAM,SAAN,GAAM,GAAM;;AAEjB,QACC;AAAA;AAAA,IAAI,WAAU,uBAAd;AACC;AAAA;AAAA;AAAA;AAAA,GADD;AAEC;AAAA;AAAA;AAAA;AAAA,GAFD;AAGC;AAAA;AAAA;AAAA;AAAA;AAHD,EADD;AAOA,CATD;;;AAYA,eAAe,GAAf","file":"/imports/ui/pages/one.jsx.map","sourcesContent":["import React from 'react';\n\n//Create components\nconst One = () => {\n\n\treturn (\n\t\t<ul className=\"media-list list-group\">\n\t\t\t<li>1</li>\n\t\t\t<li>2</li>\n\t\t\t<li>3</li>\n\t\t</ul>\n\t);\n};\n\n// Export components\nexport default One;"]},"hash":"48c46fb4be2a5810999a11fc0a119db78bda600a"}
