{"metadata":{"usedHelpers":[],"marked":[],"modules":{"imports":[{"source":"react","imported":["default"],"specifiers":[{"kind":"named","imported":"default","local":"React"}]},{"source":"../components/navigation","imported":["Navigation"],"specifiers":[{"kind":"named","imported":"Navigation","local":"Navigation"}]},{"source":"../components/header","imported":["default"],"specifiers":[{"kind":"named","imported":"default","local":"Header"}]},{"source":"../components/footer","imported":["default"],"specifiers":[{"kind":"named","imported":"default","local":"Footer"}]}],"exports":{"exported":["App"],"specifiers":[{"kind":"local","local":"App","exported":"App"}]}}},"options":{"filename":"/imports/ui/layouts/app.jsx","filenameRelative":"/imports/ui/layouts/app.jsx","env":{},"retainLines":false,"highlightCode":true,"suppressDeprecationMessages":false,"presets":[],"plugins":[[[],{"polyfill":false}],[[],null],[[],null],[[],null],[[],null],[[],null],[[],null],[[],null],[[],null],[[],null],[[],null],[[],null],[[],null],[[],null],[[],null],[[],null],[[],{"loose":true}],[[],{"loose":true}],[[],null],[[],{"loose":true}],[[],null],[[],null],[[],null],[[],null],[[],null],[[],null],[[],null],[[],{"loose":true}],[[],null],[[],null],[[],null],[[],null],[[],null],[[],null],[[],null],[[],null]],"ignore":[],"code":true,"metadata":true,"ast":false,"comments":true,"compact":false,"minified":false,"sourceMap":true,"sourceMaps":true,"sourceMapTarget":"/imports/ui/layouts/app.jsx.map","sourceFileName":"/imports/ui/layouts/app.jsx","babelrc":false,"sourceType":"module","moduleIds":false,"passPerPreset":false,"basename":"app"},"ignored":false,"code":"module.export({App:function(){return App}});var React;module.import('react',{\"default\":function(v){React=v}});var Navigation;module.import('../components/navigation',{\"Navigation\":function(v){Navigation=v}});var Header;module.import('../components/header',{\"default\":function(v){Header=v}});var Footer;module.import('../components/footer',{\"default\":function(v){Footer=v}});\n\n\n\n\nvar App = function App(_ref) {\n\tvar children = _ref.children;\n\n\n\treturn React.createElement(\n\t\t'div',\n\t\tnull,\n\t\tReact.createElement('div', { className: 'cleared reset-box' }),\n\t\tReact.createElement(Navigation, null),\n\t\tReact.createElement('div', { className: 'cleared reset-box' }),\n\t\tchildren,\n\t\tReact.createElement(\n\t\t\t'div',\n\t\t\t{ className: 'art-footer' },\n\t\t\tReact.createElement('div', { className: 'art-footer-t' }),\n\t\t\tReact.createElement(\n\t\t\t\t'div',\n\t\t\t\t{ className: 'art-footer-body' },\n\t\t\t\tReact.createElement(\n\t\t\t\t\t'div',\n\t\t\t\t\t{ className: 'art-footer-center' },\n\t\t\t\t\tReact.createElement(\n\t\t\t\t\t\t'div',\n\t\t\t\t\t\t{ className: 'art-footer-wrapper' },\n\t\t\t\t\t\tReact.createElement(\n\t\t\t\t\t\t\t'div',\n\t\t\t\t\t\t\t{ className: 'art-footer-text' },\n\t\t\t\t\t\t\tReact.createElement(Link, { to: '#', className: 'art-rss-tag-icon', title: 'RSS' }),\n\t\t\t\t\t\t\tReact.createElement(\n\t\t\t\t\t\t\t\t'p',\n\t\t\t\t\t\t\t\tnull,\n\t\t\t\t\t\t\t\tReact.createElement(\n\t\t\t\t\t\t\t\t\tLink,\n\t\t\t\t\t\t\t\t\t{ to: '#' },\n\t\t\t\t\t\t\t\t\t'Link1'\n\t\t\t\t\t\t\t\t),\n\t\t\t\t\t\t\t\t' | ',\n\t\t\t\t\t\t\t\tReact.createElement(\n\t\t\t\t\t\t\t\t\tLink,\n\t\t\t\t\t\t\t\t\t{ to: '#' },\n\t\t\t\t\t\t\t\t\t'Link2'\n\t\t\t\t\t\t\t\t),\n\t\t\t\t\t\t\t\t' | ',\n\t\t\t\t\t\t\t\tReact.createElement(\n\t\t\t\t\t\t\t\t\tLink,\n\t\t\t\t\t\t\t\t\t{ to: '#' },\n\t\t\t\t\t\t\t\t\t'Link3'\n\t\t\t\t\t\t\t\t)\n\t\t\t\t\t\t\t),\n\t\t\t\t\t\t\tReact.createElement(\n\t\t\t\t\t\t\t\t'p',\n\t\t\t\t\t\t\t\tnull,\n\t\t\t\t\t\t\t\t'Copyright © 2011. All Rights Reserved.'\n\t\t\t\t\t\t\t),\n\t\t\t\t\t\t\tReact.createElement('div', { className: 'cleared' }),\n\t\t\t\t\t\t\tReact.createElement(\n\t\t\t\t\t\t\t\t'p',\n\t\t\t\t\t\t\t\t{ className: 'art-page-footer' },\n\t\t\t\t\t\t\t\tReact.createElement(\n\t\t\t\t\t\t\t\t\tLink,\n\t\t\t\t\t\t\t\t\t{ to: 'http://www.2createawebsite.com/artisteer' },\n\t\t\t\t\t\t\t\t\t'Website Template created with Artisteer'\n\t\t\t\t\t\t\t\t),\n\t\t\t\t\t\t\t\t'.'\n\t\t\t\t\t\t\t)\n\t\t\t\t\t\t)\n\t\t\t\t\t)\n\t\t\t\t),\n\t\t\t\tReact.createElement('div', { className: 'cleared' })\n\t\t\t)\n\t\t),\n\t\tReact.createElement('div', { className: 'cleared' })\n\t);\n};","ast":null,"map":{"version":3,"sources":["/imports/ui/layouts/app.jsx"],"names":[],"mappings":"AAAA,OAAO,KAAP,MAAkB,OAAlB;AACA,SAAS,UAAT,QAA2B,0BAA3B;AACA,OAAO,MAAP,MAAmB,sBAAnB;AACA,OAAO,MAAP,MAAmB,sBAAnB;;AAGA,OAAO,IAAM,MAAM,SAAN,GAAM,OAAoB;AAAA,KAAhB,QAAgB,QAAhB,QAAgB;;;AAEtC,QACG;AAAA;AAAA;AACK,+BAAK,WAAU,mBAAf,GADL;AAEK,sBAAC,UAAD,OAFL;AAGK,+BAAK,WAAU,mBAAf,GAHL;AAIO,UAJP;AAKK;AAAA;AAAA,KAAK,WAAU,YAAf;AACI,gCAAK,WAAU,cAAf,GADJ;AAEI;AAAA;AAAA,MAAK,WAAU,iBAAf;AACI;AAAA;AAAA,OAAK,WAAU,mBAAf;AACI;AAAA;AAAA,QAAK,WAAU,oBAAf;AACI;AAAA;AAAA,SAAK,WAAU,iBAAf;AACI,2BAAC,IAAD,IAAM,IAAG,GAAT,EAAa,WAAU,kBAAvB,EAA0C,OAAM,KAAhD,GADJ;AAGQ;AAAA;AAAA;AAAG;AAAC,aAAD;AAAA,WAAM,IAAG,GAAT;AAAA;AAAA,SAAH;AAAA;AAA+B;AAAC,aAAD;AAAA,WAAM,IAAG,GAAT;AAAA;AAAA,SAA/B;AAAA;AAA2D;AAAC,aAAD;AAAA,WAAM,IAAG,GAAT;AAAA;AAAA;AAA3D,QAHR;AAIQ;AAAA;AAAA;AAAA;AAAA,QAJR;AAMM,oCAAK,WAAU,SAAf,GANN;AAOM;AAAA;AAAA,UAAG,WAAU,iBAAb;AAA+B;AAAC,aAAD;AAAA,WAAM,IAAG,0CAAT;AAAA;AAAA,SAA/B;AAAA;AAAA;AAPN;AADJ;AADJ,KADJ;AAcI,iCAAK,WAAU,SAAf;AAdJ;AAFJ,GALL;AAwBK,+BAAK,WAAU,SAAf;AAxBL,EADH;AA6BA,CA/BM","file":"/imports/ui/layouts/app.jsx.map","sourcesContent":["import React from 'react';\nimport { Navigation } from '../components/navigation';\nimport Header from '../components/header';\nimport Footer from '../components/footer';\n\n\nexport const App = ( { children } ) => {\n\n\treturn (\n\t  \t<div>\n\t        <div className=\"cleared reset-box\"></div>\n\t        <Navigation />\n\t        <div className=\"cleared reset-box\"></div>\n\t        { children }\n\t        <div className=\"art-footer\">\n\t            <div className=\"art-footer-t\"></div>\n\t            <div className=\"art-footer-body\">\n\t                <div className=\"art-footer-center\">\n\t                    <div className=\"art-footer-wrapper\">\n\t                        <div className=\"art-footer-text\">\n\t                            <Link to=\"#\" className=\"art-rss-tag-icon\" title=\"RSS\"></Link>\n\t                              \n\t                                <p><Link to=\"#\">Link1</Link> | <Link to=\"#\">Link2</Link> | <Link to=\"#\">Link3</Link></p>\n\t                                <p>Copyright © 2011. All Rights Reserved.</p>\n\n\t                              <div className=\"cleared\"></div>\n\t                              <p className=\"art-page-footer\"><Link to=\"http://www.2createawebsite.com/artisteer\">Website Template created with Artisteer</Link>.</p>\n\t                        </div>\n\t                    </div>\n\t                </div>\n\t                <div className=\"cleared\"></div>\n\t            </div>\n\t        </div>\n\t        <div className=\"cleared\"></div>\n\t    </div>\n\n\t);\n}"]},"hash":"5826fc40d06d8c9313456cb21fadc0973008377a"}
