{"metadata":{"usedHelpers":[],"marked":[],"modules":{"imports":[{"source":"react","imported":["default"],"specifiers":[{"kind":"named","imported":"default","local":"React"}]}],"exports":{"exported":["One"],"specifiers":[{"kind":"local","local":"One","exported":"One"}]}}},"options":{"filename":"/imports/ui/pages/one.jsx","filenameRelative":"/imports/ui/pages/one.jsx","env":{},"retainLines":false,"highlightCode":true,"suppressDeprecationMessages":false,"presets":[],"plugins":[[[],{"polyfill":false}],[[],null],[[],null],[[],null],[[],null],[[],null],[[],null],[[],null],[[],null],[[],null],[[],null],[[],null],[[],null],[[],null],[[],null],[[],null],[[],{"loose":true}],[[],{"loose":true}],[[],null],[[],{"loose":true}],[[],null],[[],null],[[],null],[[],null],[[],null],[[],null],[[],null],[[],{"loose":true}],[[],null],[[],null],[[],null],[[],null],[[],null],[[],null],[[],null],[[],null]],"ignore":[],"code":true,"metadata":true,"ast":false,"comments":true,"compact":false,"minified":false,"sourceMap":true,"sourceMaps":true,"sourceMapTarget":"/imports/ui/pages/one.jsx.map","sourceFileName":"/imports/ui/pages/one.jsx","babelrc":false,"sourceType":"module","moduleIds":false,"passPerPreset":false,"basename":"one"},"ignored":false,"code":"module.export({One:function(){return One}});var React;module.import('react',{\"default\":function(v){React=v}});\n\nvar One = function One() {\n\treturn React.createElement(\n\t\t'h3',\n\t\tnull,\n\t\t'One...............'\n\t);\n};\n\n/*\n//Create components\nconst ImageList = () => {\n\n\treturn (\n\t\t<ul className=\"media-list list-group\">\n\t\t\t<li>1</li>\n\t\t\t<li>2</li>\n\t\t\t<li>3</li>\n\t\t</ul>\n\t);\n};\n\n// Export components\nexport default ImageList;*/","ast":null,"map":{"version":3,"sources":["/imports/ui/pages/one.jsx"],"names":[],"mappings":"AAAA,OAAO,KAAP,MAAkB,OAAlB;;AAEA,OAAO,IAAM,MAAM,SAAN,GAAM,GAAM;AACxB,QACC;AAAA;AAAA;AAAA;AAAA,EADD;AAGA,CAJM","file":"/imports/ui/pages/one.jsx.map","sourcesContent":["import React from 'react';\n\nexport const One = () => {\n\treturn (\n\t\t<h3>One...............</h3>\n\t\t);\n}\n\n/*\n//Create components\nconst ImageList = () => {\n\n\treturn (\n\t\t<ul className=\"media-list list-group\">\n\t\t\t<li>1</li>\n\t\t\t<li>2</li>\n\t\t\t<li>3</li>\n\t\t</ul>\n\t);\n};\n\n// Export components\nexport default ImageList;*/"]},"hash":"5bda23daede7356c87b149601df26b233679a930"}
