{"metadata":{"usedHelpers":[],"marked":[],"modules":{"imports":[{"source":"react","imported":["default"],"specifiers":[{"kind":"named","imported":"default","local":"React"}]},{"source":"react-router","imported":["Link"],"specifiers":[{"kind":"named","imported":"Link","local":"Link"}]}],"exports":{"exported":["Header"],"specifiers":[{"kind":"local","local":"Header","exported":"Header"}]}}},"options":{"filename":"/imports/ui/components/header.js","filenameRelative":"/imports/ui/components/header.js","env":{},"retainLines":false,"highlightCode":true,"suppressDeprecationMessages":false,"presets":[],"plugins":[[[],{"polyfill":false}],[[],null],[[],null],[[],null],[[],null],[[],null],[[],null],[[],null],[[],null],[[],null],[[],null],[[],null],[[],null],[[],null],[[],{"loose":true}],[[],{"loose":true}],[[],null],[[],{"loose":true}],[[],null],[[],null],[[],null],[[],null],[[],null],[[],null],[[],null],[[],{"loose":true}],[[],null],[[],null],[[],null],[[],null],[[],null],[[],null],[[],null],[[],null]],"ignore":[],"code":true,"metadata":true,"ast":false,"comments":true,"compact":false,"minified":false,"sourceMap":true,"sourceMaps":true,"sourceMapTarget":"/imports/ui/components/header.js.map","sourceFileName":"/imports/ui/components/header.js","babelrc":false,"sourceType":"module","moduleIds":false,"passPerPreset":false,"basename":"header"},"ignored":false,"code":"module.export({Header:function(){return Header}});var React;module.import('react',{\"default\":function(v){React=v}});var Link;module.import('react-router',{\"Link\":function(v){Link=v}});//import React\n\n\n\n// Create Component & export here\n\nvar Header = function Header() {\n\t\treturn React.createElement(\n\t\t\t\t'div',\n\t\t\t\t{ className: 'art-header' },\n\t\t\t\tReact.createElement(\n\t\t\t\t\t\t'div',\n\t\t\t\t\t\t{ className: 'art-header-clip' },\n\t\t\t\t\t\tReact.createElement(\n\t\t\t\t\t\t\t\t'div',\n\t\t\t\t\t\t\t\t{ className: 'art-header-center' },\n\t\t\t\t\t\t\t\tReact.createElement('div', { className: 'art-header-jpeg' })\n\t\t\t\t\t\t)\n\t\t\t\t),\n\t\t\t\tReact.createElement(\n\t\t\t\t\t\t'div',\n\t\t\t\t\t\t{ className: 'art-header-wrapper' },\n\t\t\t\t\t\tReact.createElement(\n\t\t\t\t\t\t\t\t'div',\n\t\t\t\t\t\t\t\t{ className: 'art-header-inner' },\n\t\t\t\t\t\t\t\tReact.createElement(\n\t\t\t\t\t\t\t\t\t\t'div',\n\t\t\t\t\t\t\t\t\t\t{ className: 'art-logo' },\n\t\t\t\t\t\t\t\t\t\tReact.createElement(\n\t\t\t\t\t\t\t\t\t\t\t\t'h1',\n\t\t\t\t\t\t\t\t\t\t\t\t{ className: 'art-logo-name' },\n\t\t\t\t\t\t\t\t\t\t\t\tReact.createElement(\n\t\t\t\t\t\t\t\t\t\t\t\t\t\tLink,\n\t\t\t\t\t\t\t\t\t\t\t\t\t\t{ to: '/' },\n\t\t\t\t\t\t\t\t\t\t\t\t\t\t'Enter Site Title'\n\t\t\t\t\t\t\t\t\t\t\t\t)\n\t\t\t\t\t\t\t\t\t\t),\n\t\t\t\t\t\t\t\t\t\tReact.createElement(\n\t\t\t\t\t\t\t\t\t\t\t\t'h2',\n\t\t\t\t\t\t\t\t\t\t\t\t{ className: 'art-logo-text' },\n\t\t\t\t\t\t\t\t\t\t\t\t'First Meteor App'\n\t\t\t\t\t\t\t\t\t\t),\n\t\t\t\t\t\t\t\t\t\tReact.createElement(\n\t\t\t\t\t\t\t\t\t\t\t\t'h6',\n\t\t\t\t\t\t\t\t\t\t\t\tnull,\n\t\t\t\t\t\t\t\t\t\t\t\t'Every thing creates problem only in initial satge.'\n\t\t\t\t\t\t\t\t\t\t)\n\t\t\t\t\t\t\t\t)\n\t\t\t\t\t\t)\n\t\t\t\t)\n\t\t);\n};","ast":null,"map":{"version":3,"sources":["/imports/ui/components/header.js"],"names":[],"mappings":";AACA,OAAO,KAAP,MAAkB,OAAlB;AACA,SAAS,IAAT,QAAqB,cAArB;;;;AAKA,OAAO,IAAM,SAAS,SAAT,MAAS,GAAM;AAC3B,SACE;AAAA;AAAA,MAAK,WAAU,YAAf;AACU;AAAA;AAAA,QAAK,WAAU,iBAAf;AACI;AAAA;AAAA,UAAK,WAAU,mBAAf;AACI,qCAAK,WAAU,iBAAf;AADJ;AADJ,KADV;AAMU;AAAA;AAAA,QAAK,WAAU,oBAAf;AACI;AAAA;AAAA,UAAK,WAAU,kBAAf;AACI;AAAA;AAAA,YAAK,WAAU,UAAf;AACI;AAAA;AAAA,cAAI,WAAU,eAAd;AAA8B;AAAC,kBAAD;AAAA,gBAAM,IAAG,GAAT;AAAA;AAAA;AAA9B,WADJ;AAEQ;AAAA;AAAA,cAAI,WAAU,eAAd;AAAA;AAAA,WAFR;AAGQ;AAAA;AAAA;AAAA;AAAA;AAHR;AADJ;AADJ;AANV,GADF;AAkBA,CAnBM","file":"/imports/ui/components/header.js.map","sourcesContent":["//import React\nimport React from 'react';\nimport { Link } from 'react-router';\n\n\n// Create Component & export here\n\nexport const Header = () => {\n\treturn (\n\t\t\t<div className=\"art-header\">\n\t            <div className=\"art-header-clip\">\n\t                <div className=\"art-header-center\">\n\t                    <div className=\"art-header-jpeg\"></div>\n\t                </div>\n\t            </div>\n\t            <div className=\"art-header-wrapper\">\n\t                <div className=\"art-header-inner\">\n\t                    <div className=\"art-logo\">\n\t                        <h1 className=\"art-logo-name\"><Link to=\"/\">Enter Site Title</Link></h1>\n\t                            <h2 className=\"art-logo-text\">First Meteor App</h2>\n\t                            <h6>Every thing creates problem only in initial satge.</h6>\n\t                    </div>\n\t                </div>\n\t            </div>\n\t        </div>\n\t\t);\n}"]},"hash":"7819a0199570a995dcee8f5068bb54620a3a2281"}
