{"metadata":{"usedHelpers":[],"marked":[],"modules":{"imports":[{"source":"react","imported":["default"],"specifiers":[{"kind":"named","imported":"default","local":"React"}]},{"source":"react-router","imported":["IndexLink","Link"],"specifiers":[{"kind":"named","imported":"IndexLink","local":"IndexLink"},{"kind":"named","imported":"Link","local":"Link"}]}],"exports":{"exported":["Header"],"specifiers":[{"kind":"local","local":"Header","exported":"Header"}]}}},"options":{"filename":"/imports/ui/pages/header.js","filenameRelative":"/imports/ui/pages/header.js","env":{},"retainLines":false,"highlightCode":true,"suppressDeprecationMessages":false,"presets":[],"plugins":[[[],{"polyfill":false}],[[],null],[[],null],[[],null],[[],null],[[],null],[[],null],[[],null],[[],null],[[],null],[[],null],[[],null],[[],null],[[],null],[[],{"loose":true}],[[],{"loose":true}],[[],null],[[],{"loose":true}],[[],null],[[],null],[[],null],[[],null],[[],null],[[],null],[[],null],[[],{"loose":true}],[[],null],[[],null],[[],null],[[],null],[[],null],[[],null],[[],null],[[],null]],"ignore":[],"code":true,"metadata":true,"ast":false,"comments":true,"compact":false,"minified":false,"sourceMap":true,"sourceMaps":true,"sourceMapTarget":"/imports/ui/pages/header.js.map","sourceFileName":"/imports/ui/pages/header.js","babelrc":false,"sourceType":"module","moduleIds":false,"passPerPreset":false,"basename":"header"},"ignored":false,"code":"module.export({Header:function(){return Header}});var React;module.import('react',{\"default\":function(v){React=v}});var IndexLink,Link;module.import('react-router',{\"IndexLink\":function(v){IndexLink=v},\"Link\":function(v){Link=v}});\n\n\nvar Header = function Header() {\n\n  return React.createElement(\n    'div',\n    { className: 'art-header' },\n    'Good Header'\n  );\n};","ast":null,"map":{"version":3,"sources":["/imports/ui/pages/header.js"],"names":[],"mappings":"AAAA,OAAO,KAAP,MAAkB,OAAlB;AACA,SAAS,SAAT,EAAoB,IAApB,QAAgC,cAAhC;;AAEA,OAAO,IAAM,SAAS,SAAT,MAAS,GAAM;;AAE1B,SACE;AAAA;AAAA,MAAK,WAAU,YAAf;AAAA;AAAA,GADF;AAKD,CAPM","file":"/imports/ui/pages/header.js.map","sourcesContent":["import React from 'react';\nimport { IndexLink, Link } from 'react-router';\n\nexport const Header = () => {\n\n  return (\n    <div className=\"art-header\">\n\t           Good Header\n\t        </div>\n  );\n}"]},"hash":"851666c9cd7bb0d998fb271d113efa236833963a"}
