{"metadata":{"usedHelpers":[],"marked":[],"modules":{"imports":[{"source":"react","imported":["default"],"specifiers":[{"kind":"named","imported":"default","local":"React"}]},{"source":"../components/navigation","imported":["Navigation"],"specifiers":[{"kind":"named","imported":"Navigation","local":"Navigation"}]},{"source":"react-router","imported":["IndexLink","Link"],"specifiers":[{"kind":"named","imported":"IndexLink","local":"IndexLink"},{"kind":"named","imported":"Link","local":"Link"}]}],"exports":{"exported":["App404"],"specifiers":[{"kind":"local","local":"App404","exported":"App404"}]}}},"options":{"filename":"/imports/ui/pages/404.js","filenameRelative":"/imports/ui/pages/404.js","env":{},"retainLines":false,"highlightCode":true,"suppressDeprecationMessages":false,"presets":[],"plugins":[[[],{"polyfill":false}],[[],null],[[],null],[[],null],[[],null],[[],null],[[],null],[[],null],[[],null],[[],null],[[],null],[[],null],[[],null],[[],null],[[],null],[[],null],[[],{"loose":true}],[[],{"loose":true}],[[],null],[[],{"loose":true}],[[],null],[[],null],[[],null],[[],null],[[],null],[[],null],[[],null],[[],{"loose":true}],[[],null],[[],null],[[],null],[[],null],[[],null],[[],null],[[],null],[[],null]],"ignore":[],"code":true,"metadata":true,"ast":false,"comments":true,"compact":false,"minified":false,"sourceMap":true,"sourceMaps":true,"sourceMapTarget":"/imports/ui/pages/404.js.map","sourceFileName":"/imports/ui/pages/404.js","babelrc":false,"sourceType":"module","moduleIds":false,"passPerPreset":false,"basename":"404"},"ignored":false,"code":"module.export({App404:function(){return App404}});var React;module.import('react',{\"default\":function(v){React=v}});var Navigation;module.import('../components/navigation',{\"Navigation\":function(v){Navigation=v}});var IndexLink,Link;module.import('react-router',{\"IndexLink\":function(v){IndexLink=v},\"Link\":function(v){Link=v}});\n\n\n\nvar App404 = function App404() {\n\n    return React.createElement(\n        'div',\n        null,\n        React.createElement(\n            'div',\n            { className: 'art-content-layout-row' },\n            React.createElement(\n                'h1',\n                null,\n                '404'\n            ),\n            React.createElement(\n                'h3',\n                null,\n                'Page not Found.'\n            ),\n            React.createElement(\n                'h6',\n                null,\n                'Please enter valid url'\n            )\n        ),\n        React.createElement(\n            'div',\n            { className: 'art-footer' },\n            React.createElement('div', { className: 'art-footer-t' }),\n            React.createElement(\n                'div',\n                { className: 'art-footer-body' },\n                React.createElement(\n                    'div',\n                    { className: 'art-footer-center' },\n                    React.createElement(\n                        'div',\n                        { className: 'art-footer-wrapper' },\n                        React.createElement(\n                            'div',\n                            { className: 'art-footer-text' },\n                            React.createElement(Link, { to: '#', className: 'art-rss-tag-icon', title: 'RSS' }),\n                            React.createElement(\n                                'p',\n                                null,\n                                React.createElement(\n                                    Link,\n                                    { to: '/' },\n                                    'Home'\n                                ),\n                                ' | ',\n                                React.createElement(\n                                    Link,\n                                    { to: '/about_us' },\n                                    'About Us'\n                                ),\n                                ' | ',\n                                React.createElement(\n                                    Link,\n                                    { to: '/contact_us' },\n                                    'Contact Us'\n                                )\n                            ),\n                            React.createElement(\n                                'p',\n                                null,\n                                'Copyright © 2011. All Rights Reserved.'\n                            ),\n                            React.createElement('div', { className: 'cleared' }),\n                            React.createElement(\n                                'p',\n                                { className: 'art-page-footer' },\n                                React.createElement(\n                                    Link,\n                                    { to: 'http://www.2createawebsite.com/artisteer' },\n                                    'Website Template created with Artisteer'\n                                ),\n                                '.'\n                            )\n                        )\n                    )\n                ),\n                React.createElement('div', { className: 'cleared' })\n            )\n        ),\n        React.createElement('div', { className: 'cleared' })\n    );\n};","ast":null,"map":{"version":3,"sources":["/imports/ui/pages/404.js"],"names":[],"mappings":"AAAA,OAAO,KAAP,MAAkB,OAAlB;AACA,SAAS,UAAT,QAA2B,0BAA3B;AACA,SAAS,SAAT,EAAoB,IAApB,QAAgC,cAAhC;;AAGA,OAAO,IAAM,SAAS,SAAT,MAAS,GAAM;;AAE1B,WACI;AAAA;AAAA;AACI;AAAA;AAAA,cAAK,WAAU,wBAAf;AACI;AAAA;AAAA;AAAA;AAAA,aADJ;AAEI;AAAA;AAAA;AAAA;AAAA,aAFJ;AAGI;AAAA;AAAA;AAAA;AAAA;AAHJ,SADJ;AAOI;AAAA;AAAA,cAAK,WAAU,YAAf;AACI,yCAAK,WAAU,cAAf,GADJ;AAEI;AAAA;AAAA,kBAAK,WAAU,iBAAf;AACI;AAAA;AAAA,sBAAK,WAAU,mBAAf;AACI;AAAA;AAAA,0BAAK,WAAU,oBAAf;AACI;AAAA;AAAA,8BAAK,WAAU,iBAAf;AACI,gDAAC,IAAD,IAAM,IAAG,GAAT,EAAa,WAAU,kBAAvB,EAA0C,OAAM,KAAhD,GADJ;AAGQ;AAAA;AAAA;AAAG;AAAC,wCAAD;AAAA,sCAAM,IAAG,GAAT;AAAA;AAAA,iCAAH;AAAA;AAA8B;AAAC,wCAAD;AAAA,sCAAM,IAAG,WAAT;AAAA;AAAA,iCAA9B;AAAA;AAAqE;AAAC,wCAAD;AAAA,sCAAM,IAAG,aAAT;AAAA;AAAA;AAArE,6BAHR;AAIQ;AAAA;AAAA;AAAA;AAAA,6BAJR;AAMM,yDAAK,WAAU,SAAf,GANN;AAOM;AAAA;AAAA,kCAAG,WAAU,iBAAb;AAA+B;AAAC,wCAAD;AAAA,sCAAM,IAAG,0CAAT;AAAA;AAAA,iCAA/B;AAAA;AAAA;AAPN;AADJ;AADJ,iBADJ;AAcI,6CAAK,WAAU,SAAf;AAdJ;AAFJ,SAPJ;AA0BI,qCAAK,WAAU,SAAf;AA1BJ,KADJ;AA+BD,CAjCM","file":"/imports/ui/pages/404.js.map","sourcesContent":["import React from 'react';\nimport { Navigation } from '../components/navigation';\nimport { IndexLink, Link } from 'react-router';\n\n\nexport const App404 = () => {\n\n  return (\n      <div>\n          <div className=\"art-content-layout-row\">\n              <h1>404</h1>\n              <h3>Page not Found.</h3>\n              <h6>Please enter valid url</h6>\n          </div>\n          \n          <div className=\"art-footer\">\n              <div className=\"art-footer-t\"></div>\n              <div className=\"art-footer-body\">\n                  <div className=\"art-footer-center\">\n                      <div className=\"art-footer-wrapper\">\n                          <div className=\"art-footer-text\">\n                              <Link to=\"#\" className=\"art-rss-tag-icon\" title=\"RSS\"></Link>\n                                \n                                  <p><Link to=\"/\">Home</Link> | <Link to=\"/about_us\">About Us</Link> | <Link to=\"/contact_us\">Contact Us</Link></p>\n                                  <p>Copyright © 2011. All Rights Reserved.</p>\n\n                                <div className=\"cleared\"></div>\n                                <p className=\"art-page-footer\"><Link to=\"http://www.2createawebsite.com/artisteer\">Website Template created with Artisteer</Link>.</p>\n                          </div>\n                      </div>\n                  </div>\n                  <div className=\"cleared\"></div>\n              </div>\n          </div>\n          <div className=\"cleared\"></div>\n      </div>\n\n  );\n}"]},"hash":"8850d646879a2a8c4f18c6cbc6fff396bdd85632"}
