{"metadata":{"usedHelpers":[],"marked":[],"modules":{"imports":[{"source":"react","imported":["default"],"specifiers":[{"kind":"named","imported":"default","local":"React"}]},{"source":"../../collections/descriptions","imported":["Tasks"],"specifiers":[{"kind":"named","imported":"Tasks","local":"Tasks"}]},{"source":"./image_detail","imported":["default"],"specifiers":[{"kind":"named","imported":"default","local":"ImageDetail"}]},{"source":"./content_detail","imported":["default"],"specifiers":[{"kind":"named","imported":"default","local":"ContentDetail"}]}],"exports":{"exported":["One"],"specifiers":[{"kind":"local","local":"One","exported":"One"}]}}},"options":{"filename":"/imports/ui/pages/one.js","filenameRelative":"/imports/ui/pages/one.js","env":{},"retainLines":false,"highlightCode":true,"suppressDeprecationMessages":false,"presets":[],"plugins":[[[],{"polyfill":false}],[[],null],[[],null],[[],null],[[],null],[[],null],[[],null],[[],null],[[],null],[[],null],[[],null],[[],null],[[],null],[[],null],[[],null],[[],null],[[],{"loose":true}],[[],{"loose":true}],[[],null],[[],{"loose":true}],[[],null],[[],null],[[],null],[[],null],[[],null],[[],null],[[],null],[[],{"loose":true}],[[],null],[[],null],[[],null],[[],null],[[],null],[[],null],[[],null],[[],null]],"ignore":[],"code":true,"metadata":true,"ast":false,"comments":true,"compact":false,"minified":false,"sourceMap":true,"sourceMaps":true,"sourceMapTarget":"/imports/ui/pages/one.js.map","sourceFileName":"/imports/ui/pages/one.js","babelrc":false,"sourceType":"module","moduleIds":false,"passPerPreset":false,"basename":"one"},"ignored":false,"code":"module.export({One:function(){return One}});var React;module.import('react',{\"default\":function(v){React=v}});var Tasks;module.import('../../collections/descriptions',{\"Tasks\":function(v){Tasks=v}});var ImageDetail;module.import('./image_detail',{\"default\":function(v){ImageDetail=v}});var ContentDetail;module.import('./content_detail',{\"default\":function(v){ContentDetail=v}});\n\n\n\n\nvar One = function One() {\n\n\tconsole.log(Tasks.find({}).fetch());\n\tvar RenderedImages = Tasks.find({}).fetch().map(function (image) {\n\t\treturn React.createElement(\n\t\t\t'div',\n\t\t\t{ className: 'art-content-layout-row' },\n\t\t\tReact.createElement(ImageDetail, { key: image._id, image: image }),\n\t\t\tReact.createElement(ContentDetail, { image: image })\n\t\t);\n\t});\n\n\treturn React.createElement(\n\t\t'div',\n\t\tnull,\n\t\tReact.createElement(\n\t\t\t'h3',\n\t\t\tnull,\n\t\t\t'One...............'\n\t\t),\n\t\tRenderedImages\n\t);\n};\n\n//console.log( Tasks.find({}).fetch() );","ast":null,"map":{"version":3,"sources":["/imports/ui/pages/one.js"],"names":[],"mappings":"AAAA,OAAO,KAAP,MAAkB,OAAlB;AACA,SAAS,KAAT,QAAsB,gCAAtB;AACA,OAAO,WAAP,MAAwB,gBAAxB;AACA,OAAO,aAAP,MAA0B,kBAA1B;;AAEA,OAAO,IAAM,MAAM,SAAN,GAAM,GAAM;;AAEvB,SAAQ,GAAR,CAAa,MAAM,IAAN,CAAW,EAAX,EAAe,KAAf,EAAb;AACD,KAAM,iBAAiB,MAAM,IAAN,CAAW,EAAX,EAAe,KAAf,GAAuB,GAAvB,CAA4B,UAAU,KAAV,EAAiB;AAClE,SACC;AAAA;AAAA,KAAK,WAAU,wBAAf;AACC,uBAAC,WAAD,IAAa,KAAK,MAAM,GAAxB,EAA6B,OAAO,KAApC,GADD;AAEC,uBAAC,aAAD,IAAe,OAAO,KAAtB;AAFD,GADD;AAMD,EAPsB,CAAvB;;AASA,QACC;AAAA;AAAA;AACC;AAAA;AAAA;AAAA;AAAA,GADD;AAEG;AAFH,EADD;AAMA,CAlBM","file":"/imports/ui/pages/one.js.map","sourcesContent":["import React from 'react';\nimport { Tasks } from '../../collections/descriptions';\nimport ImageDetail from './image_detail';\nimport ContentDetail from './content_detail';\n\nexport const One = () => {\n\n\t\tconsole.log( Tasks.find({}).fetch() );\n\tconst RenderedImages = Tasks.find({}).fetch().map( function( image ){\n\t\t\treturn (\n\t\t\t\t<div className=\"art-content-layout-row\">\n\t\t\t\t\t<ImageDetail key={image._id} image={image} />\n\t\t\t\t\t<ContentDetail image={image} />\n\t\t\t\t</div>\n\t\t\t\t);\n\t});\n\n\treturn (\n\t\t<div>\n\t\t\t<h3>One...............</h3>\n\t\t\t{ RenderedImages }\n\t\t</div>\n\t\t);\n}\n\n//console.log( Tasks.find({}).fetch() );"]},"hash":"887b7a3609be7eb3995ee935eb0d9946489e5998"}
