{"metadata":{"usedHelpers":[],"marked":[],"modules":{"imports":[{"source":"react","imported":["default"],"specifiers":[{"kind":"named","imported":"default","local":"React"}]},{"source":"../../collections/descriptions","imported":["Tasks"],"specifiers":[{"kind":"named","imported":"Tasks","local":"Tasks"}]},{"source":"./content_detail","imported":["default"],"specifiers":[{"kind":"named","imported":"default","local":"ImageDetail"}]}],"exports":{"exported":["One"],"specifiers":[{"kind":"local","local":"One","exported":"One"}]}}},"options":{"filename":"/imports/ui/pages/one.js","filenameRelative":"/imports/ui/pages/one.js","env":{},"retainLines":false,"highlightCode":true,"suppressDeprecationMessages":false,"presets":[],"plugins":[[[],{"polyfill":false}],[[],null],[[],null],[[],null],[[],null],[[],null],[[],null],[[],null],[[],null],[[],null],[[],null],[[],null],[[],null],[[],null],[[],null],[[],null],[[],{"loose":true}],[[],{"loose":true}],[[],null],[[],{"loose":true}],[[],null],[[],null],[[],null],[[],null],[[],null],[[],null],[[],null],[[],{"loose":true}],[[],null],[[],null],[[],null],[[],null],[[],null],[[],null],[[],null],[[],null]],"ignore":[],"code":true,"metadata":true,"ast":false,"comments":true,"compact":false,"minified":false,"sourceMap":true,"sourceMaps":true,"sourceMapTarget":"/imports/ui/pages/one.js.map","sourceFileName":"/imports/ui/pages/one.js","babelrc":false,"sourceType":"module","moduleIds":false,"passPerPreset":false,"basename":"one"},"ignored":false,"code":"module.export({One:function(){return One}});var React;module.import('react',{\"default\":function(v){React=v}});var Tasks;module.import('../../collections/descriptions',{\"Tasks\":function(v){Tasks=v}});var ImageDetail;module.import('./content_detail',{\"default\":function(v){ImageDetail=v}});\n\n\n\nvar One = function One() {\n\n\tvar RenderedImages = Tasks.find({}).fetch().map(function (image) {\n\t\treturn React.createElement(\n\t\t\t'div',\n\t\t\t{ className: 'art-content-layout-row' },\n\t\t\tReact.createElement(ImageDetail, { key: image._id, image: image }),\n\t\t\tReact.createElement(ContentDetail, { image: image })\n\t\t);\n\t});\n\n\treturn React.createElement(\n\t\t'div',\n\t\tnull,\n\t\tReact.createElement(ImageDetail, null),\n\t\tReact.createElement(\n\t\t\t'h3',\n\t\t\tnull,\n\t\t\t'One...............'\n\t\t),\n\t\tReact.createElement(\n\t\t\t'ul',\n\t\t\t{ className: 'media-list list-group' },\n\t\t\tReact.createElement(\n\t\t\t\t'li',\n\t\t\t\tnull,\n\t\t\t\t'1'\n\t\t\t),\n\t\t\tReact.createElement(\n\t\t\t\t'li',\n\t\t\t\tnull,\n\t\t\t\t'2'\n\t\t\t),\n\t\t\tReact.createElement(\n\t\t\t\t'li',\n\t\t\t\tnull,\n\t\t\t\t'3'\n\t\t\t)\n\t\t)\n\t);\n};\n\n/*\n//Create components\nconst ImageList = () => {\n\n\treturn (\n\t\t<ul className=\"media-list list-group\">\n\t\t\t<li>1</li>\n\t\t\t<li>2</li>\n\t\t\t<li>3</li>\n\t\t</ul>\n\t);\n};\n\n// Export components\nexport default ImageList;*/","ast":null,"map":{"version":3,"sources":["/imports/ui/pages/one.js"],"names":[],"mappings":"AAAA,OAAO,KAAP,MAAkB,OAAlB;AACA,SAAS,KAAT,QAAsB,gCAAtB;AACA,OAAO,WAAP,MAAwB,kBAAxB;;AAEA,OAAO,IAAM,MAAM,SAAN,GAAM,GAAM;;AAExB,KAAM,iBAAiB,MAAM,IAAN,CAAW,EAAX,EAAe,KAAf,GAAuB,GAAvB,CAA4B,UAAU,KAAV,EAAiB;AAClE,SACC;AAAA;AAAA,KAAK,WAAU,wBAAf;AACC,uBAAC,WAAD,IAAa,KAAK,MAAM,GAAxB,EAA6B,OAAO,KAApC,GADD;AAEC,uBAAC,aAAD,IAAe,OAAO,KAAtB;AAFD,GADD;AAMD,EAPsB,CAAvB;;AASA,QACC;AAAA;AAAA;AACC,sBAAC,WAAD,OADD;AAEC;AAAA;AAAA;AAAA;AAAA,GAFD;AAGC;AAAA;AAAA,KAAI,WAAU,uBAAd;AACC;AAAA;AAAA;AAAA;AAAA,IADD;AAEC;AAAA;AAAA;AAAA;AAAA,IAFD;AAGC;AAAA;AAAA;AAAA;AAAA;AAHD;AAHD,EADD;AAWA,CAtBM","file":"/imports/ui/pages/one.js.map","sourcesContent":["import React from 'react';\nimport { Tasks } from '../../collections/descriptions';\nimport ImageDetail from './content_detail';\n\nexport const One = () => {\n\n\tconst RenderedImages = Tasks.find({}).fetch().map( function( image ){\n\t\t\treturn (\n\t\t\t\t<div className=\"art-content-layout-row\">\n\t\t\t\t\t<ImageDetail key={image._id} image={image} />\n\t\t\t\t\t<ContentDetail image={image} />\n\t\t\t\t</div>\n\t\t\t\t);\n\t});\n\t\n\treturn (\n\t\t<div>\n\t\t\t<ImageDetail />\n\t\t\t<h3>One...............</h3>\n\t\t\t<ul className=\"media-list list-group\">\n\t\t\t\t<li>1</li>\n\t\t\t\t<li>2</li>\n\t\t\t\t<li>3</li>\n\t\t\t</ul>\n\t\t</div>\n\t\t);\n}\n\n/*\n//Create components\nconst ImageList = () => {\n\n\treturn (\n\t\t<ul className=\"media-list list-group\">\n\t\t\t<li>1</li>\n\t\t\t<li>2</li>\n\t\t\t<li>3</li>\n\t\t</ul>\n\t);\n};\n\n// Export components\nexport default ImageList;*/"]},"hash":"99114f3c75b5611b7e31f0863a4f5da72e07f157"}
