{"metadata":{"usedHelpers":[],"marked":[],"modules":{"imports":[{"source":"react","imported":["default"],"specifiers":[{"kind":"named","imported":"default","local":"React"}]},{"source":"../../collections/descriptions","imported":["Tasks"],"specifiers":[{"kind":"named","imported":"Tasks","local":"Tasks"}]},{"source":"../components/image_detail","imported":["default"],"specifiers":[{"kind":"named","imported":"default","local":"ImageDetail"}]},{"source":"react-router","imported":["IndexLink","Link"],"specifiers":[{"kind":"named","imported":"IndexLink","local":"IndexLink"},{"kind":"named","imported":"Link","local":"Link"}]},{"source":"../components/footer","imported":["default"],"specifiers":[{"kind":"named","imported":"default","local":"Footer"}]}],"exports":{"exported":["AboutUs"],"specifiers":[{"kind":"local","local":"AboutUs","exported":"AboutUs"}]}}},"options":{"filename":"/imports/ui/pages/about_us.js","filenameRelative":"/imports/ui/pages/about_us.js","env":{},"retainLines":false,"highlightCode":true,"suppressDeprecationMessages":false,"presets":[],"plugins":[[[],{"polyfill":false}],[[],null],[[],null],[[],null],[[],null],[[],null],[[],null],[[],null],[[],null],[[],null],[[],null],[[],null],[[],null],[[],null],[[],{"loose":true}],[[],{"loose":true}],[[],null],[[],{"loose":true}],[[],null],[[],null],[[],null],[[],null],[[],null],[[],null],[[],null],[[],{"loose":true}],[[],null],[[],null],[[],null],[[],null],[[],null],[[],null],[[],null],[[],null]],"ignore":[],"code":true,"metadata":true,"ast":false,"comments":true,"compact":false,"minified":false,"sourceMap":true,"sourceMaps":true,"sourceMapTarget":"/imports/ui/pages/about_us.js.map","sourceFileName":"/imports/ui/pages/about_us.js","babelrc":false,"sourceType":"module","moduleIds":false,"passPerPreset":false,"basename":"about_us"},"ignored":false,"code":"module.export({AboutUs:function(){return AboutUs}});var React;module.import('react',{\"default\":function(v){React=v}});var Tasks;module.import('../../collections/descriptions',{\"Tasks\":function(v){Tasks=v}});var ImageDetail;module.import('../components/image_detail',{\"default\":function(v){ImageDetail=v}});var IndexLink,Link;module.import('react-router',{\"IndexLink\":function(v){IndexLink=v},\"Link\":function(v){Link=v}});var Footer;module.import('../components/footer',{\"default\":function(v){Footer=v}});\n\n\n\n\n\nvar AboutUs = function AboutUs() {\n\n\tvar RenderedImages = Tasks.find({}).fetch().map(function (image) {\n\t\treturn React.createElement(\n\t\t\t'div',\n\t\t\t{ className: 'art-content-layout-row' },\n\t\t\tReact.createElement(ImageDetail, { key: image._id, image: image }),\n\t\t\tReact.createElement(\n\t\t\t\t'div',\n\t\t\t\t{ className: 'art-footer' },\n\t\t\t\tReact.createElement('div', { className: 'art-footer-t' }),\n\t\t\t\tReact.createElement(\n\t\t\t\t\t'div',\n\t\t\t\t\t{ className: 'art-footer-body' },\n\t\t\t\t\tReact.createElement(\n\t\t\t\t\t\t'div',\n\t\t\t\t\t\t{ className: 'art-footer-center' },\n\t\t\t\t\t\tReact.createElement(\n\t\t\t\t\t\t\t'div',\n\t\t\t\t\t\t\t{ className: 'art-footer-wrapper' },\n\t\t\t\t\t\t\tReact.createElement(\n\t\t\t\t\t\t\t\t'div',\n\t\t\t\t\t\t\t\t{ className: 'art-footer-text' },\n\t\t\t\t\t\t\t\tReact.createElement(Link, { to: '#', className: 'art-rss-tag-icon', title: 'RSS' }),\n\t\t\t\t\t\t\t\tReact.createElement(\n\t\t\t\t\t\t\t\t\t'p',\n\t\t\t\t\t\t\t\t\tnull,\n\t\t\t\t\t\t\t\t\tReact.createElement(\n\t\t\t\t\t\t\t\t\t\tLink,\n\t\t\t\t\t\t\t\t\t\t{ to: '#' },\n\t\t\t\t\t\t\t\t\t\t'Link1'\n\t\t\t\t\t\t\t\t\t),\n\t\t\t\t\t\t\t\t\t' | ',\n\t\t\t\t\t\t\t\t\tReact.createElement(\n\t\t\t\t\t\t\t\t\t\tLink,\n\t\t\t\t\t\t\t\t\t\t{ to: '#' },\n\t\t\t\t\t\t\t\t\t\t'Link2'\n\t\t\t\t\t\t\t\t\t),\n\t\t\t\t\t\t\t\t\t' | ',\n\t\t\t\t\t\t\t\t\tReact.createElement(\n\t\t\t\t\t\t\t\t\t\tLink,\n\t\t\t\t\t\t\t\t\t\t{ to: '#' },\n\t\t\t\t\t\t\t\t\t\t'Link3'\n\t\t\t\t\t\t\t\t\t)\n\t\t\t\t\t\t\t\t),\n\t\t\t\t\t\t\t\tReact.createElement(\n\t\t\t\t\t\t\t\t\t'p',\n\t\t\t\t\t\t\t\t\tnull,\n\t\t\t\t\t\t\t\t\t'Copyright © 2011. All Rights Reserved.'\n\t\t\t\t\t\t\t\t),\n\t\t\t\t\t\t\t\tReact.createElement('div', { className: 'cleared' }),\n\t\t\t\t\t\t\t\tReact.createElement(\n\t\t\t\t\t\t\t\t\t'p',\n\t\t\t\t\t\t\t\t\t{ className: 'art-page-footer' },\n\t\t\t\t\t\t\t\t\tReact.createElement(\n\t\t\t\t\t\t\t\t\t\tLink,\n\t\t\t\t\t\t\t\t\t\t{ to: 'http://www.2createawebsite.com/artisteer' },\n\t\t\t\t\t\t\t\t\t\t'Website Template created with Artisteer'\n\t\t\t\t\t\t\t\t\t),\n\t\t\t\t\t\t\t\t\t'.'\n\t\t\t\t\t\t\t\t)\n\t\t\t\t\t\t\t)\n\t\t\t\t\t\t)\n\t\t\t\t\t),\n\t\t\t\t\tReact.createElement('div', { className: 'cleared' })\n\t\t\t\t)\n\t\t\t)\n\t\t);\n\t});\n\n\treturn React.createElement(\n\t\t'div',\n\t\tnull,\n\t\tRenderedImages\n\t);\n};\n\n//console.log( Tasks.find({}).fetch() );","ast":null,"map":{"version":3,"sources":["/imports/ui/pages/about_us.js"],"names":[],"mappings":"AAAA,OAAO,KAAP,MAAkB,OAAlB;AACA,SAAS,KAAT,QAAsB,gCAAtB;AACA,OAAO,WAAP,MAAwB,4BAAxB;AACA,SAAS,SAAT,EAAoB,IAApB,QAAgC,cAAhC;AACA,OAAO,MAAP,MAAmB,sBAAnB;;AAEA,OAAO,IAAM,UAAU,SAAV,OAAU,GAAM;;AAE5B,KAAM,iBAAiB,MAAM,IAAN,CAAW,EAAX,EAAe,KAAf,GAAuB,GAAvB,CAA4B,UAAU,KAAV,EAAiB;AAClE,SACC;AAAA;AAAA,KAAK,WAAU,wBAAf;AACC,uBAAC,WAAD,IAAa,KAAK,MAAM,GAAxB,EAA6B,OAAO,KAApC,GADD;AAEC;AAAA;AAAA,MAAK,WAAU,YAAf;AACQ,iCAAK,WAAU,cAAf,GADR;AAEQ;AAAA;AAAA,OAAK,WAAU,iBAAf;AACI;AAAA;AAAA,QAAK,WAAU,mBAAf;AACI;AAAA;AAAA,SAAK,WAAU,oBAAf;AACI;AAAA;AAAA,UAAK,WAAU,iBAAf;AACI,4BAAC,IAAD,IAAM,IAAG,GAAT,EAAa,WAAU,kBAAvB,EAA0C,OAAM,KAAhD,GADJ;AAGQ;AAAA;AAAA;AAAG;AAAC,cAAD;AAAA,YAAM,IAAG,GAAT;AAAA;AAAA,UAAH;AAAA;AAA+B;AAAC,cAAD;AAAA,YAAM,IAAG,GAAT;AAAA;AAAA,UAA/B;AAAA;AAA2D;AAAC,cAAD;AAAA,YAAM,IAAG,GAAT;AAAA;AAAA;AAA3D,SAHR;AAIQ;AAAA;AAAA;AAAA;AAAA,SAJR;AAMM,qCAAK,WAAU,SAAf,GANN;AAOM;AAAA;AAAA,WAAG,WAAU,iBAAb;AAA+B;AAAC,cAAD;AAAA,YAAM,IAAG,0CAAT;AAAA;AAAA,UAA/B;AAAA;AAAA;AAPN;AADJ;AADJ,MADJ;AAcI,kCAAK,WAAU,SAAf;AAdJ;AAFR;AAFD,GADD;AAwBD,EAzBsB,CAAvB;;AA2BA,QACC;AAAA;AAAA;AACG;AADH,EADD;AAKA,CAlCM","file":"/imports/ui/pages/about_us.js.map","sourcesContent":["import React from 'react';\nimport { Tasks } from '../../collections/descriptions';\nimport ImageDetail from '../components/image_detail';\nimport { IndexLink, Link } from 'react-router';\nimport Footer from '../components/footer';\n\nexport const AboutUs = () => {\n\n\tconst RenderedImages = Tasks.find({}).fetch().map( function( image ){\n\t\t\treturn (\n\t\t\t\t<div className=\"art-content-layout-row\">\n\t\t\t\t\t<ImageDetail key={image._id} image={image} />\n\t\t\t\t\t<div className=\"art-footer\">\n\t            <div className=\"art-footer-t\"></div>\n\t            <div className=\"art-footer-body\">\n\t                <div className=\"art-footer-center\">\n\t                    <div className=\"art-footer-wrapper\">\n\t                        <div className=\"art-footer-text\">\n\t                            <Link to=\"#\" className=\"art-rss-tag-icon\" title=\"RSS\"></Link>\n\t                              \n\t                                <p><Link to=\"#\">Link1</Link> | <Link to=\"#\">Link2</Link> | <Link to=\"#\">Link3</Link></p>\n\t                                <p>Copyright © 2011. All Rights Reserved.</p>\n\n\t                              <div className=\"cleared\"></div>\n\t                              <p className=\"art-page-footer\"><Link to=\"http://www.2createawebsite.com/artisteer\">Website Template created with Artisteer</Link>.</p>\n\t                        </div>\n\t                    </div>\n\t                </div>\n\t                <div className=\"cleared\"></div>\n\t            </div>\n\t        </div>\n\t\t\t\t</div>\n\t\t\t\t);\n\t});\n\n\treturn (\n\t\t<div>\n\t\t\t{ RenderedImages }\n\t\t</div>\n\t\t);\n}\n\n//console.log( Tasks.find({}).fetch() );"]},"hash":"9c2680042f333f6cf06b110a6686a66de0811def"}
