{"metadata":{"usedHelpers":[],"marked":[],"modules":{"imports":[{"source":"./routes.jsx","imported":[],"specifiers":[]}],"exports":{"exported":[],"specifiers":[]}}},"options":{"filename":"/imports/startup/client/index.js","filenameRelative":"/imports/startup/client/index.js","env":{},"retainLines":false,"highlightCode":true,"suppressDeprecationMessages":false,"presets":[],"plugins":[[[],{"polyfill":false}],[[],null],[[],null],[[],null],[[],null],[[],null],[[],null],[[],null],[[],null],[[],null],[[],null],[[],null],[[],null],[[],null],[[],null],[[],null],[[],{"loose":true}],[[],{"loose":true}],[[],null],[[],{"loose":true}],[[],null],[[],null],[[],null],[[],null],[[],null],[[],null],[[],null],[[],{"loose":true}],[[],null],[[],null],[[],null],[[],null],[[],null],[[],null],[[],null],[[],null]],"ignore":[],"code":true,"metadata":true,"ast":false,"comments":true,"compact":false,"minified":false,"sourceMap":true,"sourceMaps":true,"sourceMapTarget":"/imports/startup/client/index.js.map","sourceFileName":"/imports/startup/client/index.js","babelrc":false,"sourceType":"module","moduleIds":false,"passPerPreset":false,"basename":"index"},"ignored":false,"code":"module.import('./routes.jsx');","ast":null,"map":{"version":3,"sources":["/imports/startup/client/index.js"],"names":[],"mappings":"AAAA,OAAO,cAAP","file":"/imports/startup/client/index.js.map","sourcesContent":["import './routes.jsx';"]},"hash":"a1e96725eb7e8ae94c3226f25306b5b62ca2e57b"}
