{"metadata":{"usedHelpers":[],"marked":[],"modules":{"imports":[{"source":"react","imported":["default"],"specifiers":[{"kind":"named","imported":"default","local":"React"}]},{"source":"react-router","imported":["Link"],"specifiers":[{"kind":"named","imported":"Link","local":"Link"}]}],"exports":{"exported":["Header"],"specifiers":[{"kind":"local","local":"Header","exported":"Header"}]}}},"options":{"filename":"/imports/ui/components/header.js","filenameRelative":"/imports/ui/components/header.js","env":{},"retainLines":false,"highlightCode":true,"suppressDeprecationMessages":false,"presets":[],"plugins":[[[],{"polyfill":false}],[[],null],[[],null],[[],null],[[],null],[[],null],[[],null],[[],null],[[],null],[[],null],[[],null],[[],null],[[],null],[[],null],[[],null],[[],null],[[],{"loose":true}],[[],{"loose":true}],[[],null],[[],{"loose":true}],[[],null],[[],null],[[],null],[[],null],[[],null],[[],null],[[],null],[[],{"loose":true}],[[],null],[[],null],[[],null],[[],null],[[],null],[[],null],[[],null],[[],null]],"ignore":[],"code":true,"metadata":true,"ast":false,"comments":true,"compact":false,"minified":false,"sourceMap":true,"sourceMaps":true,"sourceMapTarget":"/imports/ui/components/header.js.map","sourceFileName":"/imports/ui/components/header.js","babelrc":false,"sourceType":"module","moduleIds":false,"passPerPreset":false,"basename":"header"},"ignored":false,"code":"module.export({Header:function(){return Header}});var React;module.import('react',{\"default\":function(v){React=v}});var Link;module.import('react-router',{\"Link\":function(v){Link=v}});//import React\n\n\n\n// Create Component & export here\n\nvar Header = function Header() {\n\n  return React.createElement(\n    'div',\n    { className: 'art-nav' },\n    React.createElement('div', { className: 'art-nav-l' }),\n    React.createElement('div', { className: 'art-nav-r' }),\n    React.createElement(\n      'div',\n      { className: 'art-nav-outer' },\n      React.createElement(\n        'div',\n        { className: 'art-nav-wrapper' },\n        React.createElement(\n          'div',\n          { className: 'art-nav-inner' },\n          React.createElement(\n            'ul',\n            { className: 'art-hmenu' },\n            React.createElement(\n              'li',\n              null,\n              React.createElement(\n                Link,\n                { to: '/', className: 'active' },\n                React.createElement('span', { className: 'l' }),\n                React.createElement('span', { className: 'r' }),\n                React.createElement(\n                  'span',\n                  { className: 't' },\n                  'Home'\n                )\n              )\n            ),\n            React.createElement(\n              'li',\n              { className: 'art-hmenu-li-separator' },\n              React.createElement(\n                'span',\n                { className: 'art-hmenu-separator' },\n                ' '\n              )\n            ),\n            React.createElement(\n              'li',\n              null,\n              React.createElement(\n                Link,\n                { to: '/about_us' },\n                React.createElement('span', { className: 'l' }),\n                React.createElement('span', { className: 'r' }),\n                React.createElement(\n                  'span',\n                  { className: 't' },\n                  'About Us'\n                )\n              )\n            ),\n            React.createElement(\n              'li',\n              null,\n              React.createElement(\n                Link,\n                { to: '/contact_us' },\n                React.createElement('span', { className: 'l' }),\n                React.createElement('span', { className: 'r' }),\n                React.createElement(\n                  'span',\n                  { className: 't' },\n                  'Contact Us'\n                )\n              )\n            )\n          )\n        )\n      )\n    )\n  );\n};","ast":null,"map":{"version":3,"sources":["/imports/ui/components/header.js"],"names":[],"mappings":";AACA,OAAO,KAAP,MAAkB,OAAlB;AACA,SAAS,IAAT,QAAqB,cAArB;;;;AAKA,OAAO,IAAM,SAAS,SAAT,MAAS,GAAM;;AAE1B,SACE;AAAA;AAAA,MAAK,WAAU,SAAf;AACQ,iCAAK,WAAU,WAAf,GADR;AAEQ,iCAAK,WAAU,WAAf,GAFR;AAGQ;AAAA;AAAA,QAAK,WAAU,eAAf;AACI;AAAA;AAAA,UAAK,WAAU,iBAAf;AACI;AAAA;AAAA,YAAK,WAAU,eAAf;AACI;AAAA;AAAA,cAAI,WAAU,WAAd;AACE;AAAA;AAAA;AACE;AAAC,oBAAD;AAAA,kBAAM,IAAG,GAAT,EAAa,WAAU,QAAvB;AAAgC,8CAAM,WAAU,GAAhB,GAAhC;AAA2D,8CAAM,WAAU,GAAhB,GAA3D;AAAsF;AAAA;AAAA,oBAAM,WAAU,GAAhB;AAAA;AAAA;AAAtF;AADF,aADF;AAGO;AAAA;AAAA,gBAAI,WAAU,wBAAd;AAAuC;AAAA;AAAA,kBAAM,WAAU,qBAAhB;AAAA;AAAA;AAAvC,aAHP;AAIE;AAAA;AAAA;AACE;AAAC,oBAAD;AAAA,kBAAM,IAAG,WAAT;AAAqB,8CAAM,WAAU,GAAhB,GAArB;AAAgD,8CAAM,WAAU,GAAhB,GAAhD;AAA2E;AAAA;AAAA,oBAAM,WAAU,GAAhB;AAAA;AAAA;AAA3E;AADF,aAJF;AAOE;AAAA;AAAA;AACE;AAAC,oBAAD;AAAA,kBAAM,IAAG,aAAT;AAAuB,8CAAM,WAAU,GAAhB,GAAvB;AAAkD,8CAAM,WAAU,GAAhB,GAAlD;AAA6E;AAAA;AAAA,oBAAM,WAAU,GAAhB;AAAA;AAAA;AAA7E;AADF;AAPF;AADJ;AADJ;AADJ;AAHR,GADF;AAuBD,CAzBM","file":"/imports/ui/components/header.js.map","sourcesContent":["//import React\nimport React from 'react';\nimport { Link } from 'react-router';\n\n\n// Create Component & export here\n\nexport const Header = () => {\n\n  return (\n    <div className=\"art-nav\">\n            <div className=\"art-nav-l\"></div>\n            <div className=\"art-nav-r\"></div>\n            <div className=\"art-nav-outer\">\n                <div className=\"art-nav-wrapper\">\n                    <div className=\"art-nav-inner\">\n                        <ul className=\"art-hmenu\">\n                          <li>\n                            <Link to=\"/\" className=\"active\"><span className=\"l\"></span><span className=\"r\"></span><span className=\"t\">Home</span></Link>\n                          </li><li className=\"art-hmenu-li-separator\"><span className=\"art-hmenu-separator\"> </span></li> \n                          <li>\n                            <Link to=\"/about_us\"><span className=\"l\"></span><span className=\"r\"></span><span className=\"t\">About Us</span></Link>\n                          </li> \n                          <li>\n                            <Link to=\"/contact_us\"><span className=\"l\"></span><span className=\"r\"></span><span className=\"t\">Contact Us</span></Link>\n                          </li> \n                        </ul>\n                    </div>\n                </div>\n            </div>\n        </div>\n  );\n}"]},"hash":"bc336d16048bd5ddd33bd76d9ffb3bc4a3df0375"}
