{"metadata":{"usedHelpers":[],"marked":[],"modules":{"imports":[{"source":"meteor/mongo","imported":["Mongo"],"specifiers":[{"kind":"named","imported":"Mongo","local":"Mongo"}]}],"exports":{"exported":["Tasks"],"specifiers":[{"kind":"local","local":"Tasks","exported":"Tasks"}]}}},"options":{"filename":"/imports/collections/descriptions.js","filenameRelative":"/imports/collections/descriptions.js","env":{},"retainLines":false,"highlightCode":true,"suppressDeprecationMessages":false,"presets":[],"plugins":[[[],{"polyfill":false}],[[],null],[[],null],[[],null],[[],null],[[],null],[[],null],[[],null],[[],null],[[],null],[[],null],[[],null],[[],null],[[],null],[[],null],[[],null],[[],{"loose":true}],[[],{"loose":true}],[[],null],[[],{"loose":true}],[[],null],[[],null],[[],null],[[],null],[[],null],[[],null],[[],null],[[],{"loose":true}],[[],null],[[],null],[[],null],[[],null],[[],null],[[],null],[[],null],[[],null]],"ignore":[],"code":true,"metadata":true,"ast":false,"comments":true,"compact":false,"minified":false,"sourceMap":true,"sourceMaps":true,"sourceMapTarget":"/imports/collections/descriptions.js.map","sourceFileName":"/imports/collections/descriptions.js","babelrc":false,"sourceType":"module","moduleIds":false,"passPerPreset":false,"basename":"descriptions"},"ignored":false,"code":"module.export({Tasks:function(){return Tasks}});var Mongo;module.import('meteor/mongo',{\"Mongo\":function(v){Mongo=v}});\n\nvar Tasks = new Mongo.Collection('tasks');","ast":null,"map":{"version":3,"sources":["/imports/collections/descriptions.js"],"names":[],"mappings":"AAAE,SAAS,KAAT,QAAsB,cAAtB;;AAEF,OAAO,IAAM,QAAQ,IAAI,MAAM,UAAV,CAAqB,OAArB,CAAd","file":"/imports/collections/descriptions.js.map","sourcesContent":["  import { Mongo } from 'meteor/mongo';\r\n\r\nexport const Tasks = new Mongo.Collection('tasks');\r\n\r\n"]},"hash":"c000099ea19b6423876b76bc0a21a0b855da445a"}
