{"metadata":{"usedHelpers":[],"marked":[],"modules":{"imports":[{"source":"react","imported":["default"],"specifiers":[{"kind":"named","imported":"default","local":"React"}]},{"source":"../components/navigation.jsx","imported":["Navigation"],"specifiers":[{"kind":"named","imported":"Navigation","local":"Navigation"}]},{"source":"../components/header","imported":["default"],"specifiers":[{"kind":"named","imported":"default","local":"Header"}]},{"source":"../components/footer","imported":["default"],"specifiers":[{"kind":"named","imported":"default","local":"Footer"}]}],"exports":{"exported":["App"],"specifiers":[{"kind":"local","local":"App","exported":"App"}]}}},"options":{"filename":"/imports/ui/layouts/app.js","filenameRelative":"/imports/ui/layouts/app.js","env":{},"retainLines":false,"highlightCode":true,"suppressDeprecationMessages":false,"presets":[],"plugins":[[[],{"polyfill":false}],[[],null],[[],null],[[],null],[[],null],[[],null],[[],null],[[],null],[[],null],[[],null],[[],null],[[],null],[[],null],[[],null],[[],{"loose":true}],[[],{"loose":true}],[[],null],[[],{"loose":true}],[[],null],[[],null],[[],null],[[],null],[[],null],[[],null],[[],null],[[],{"loose":true}],[[],null],[[],null],[[],null],[[],null],[[],null],[[],null],[[],null],[[],null]],"ignore":[],"code":true,"metadata":true,"ast":false,"comments":true,"compact":false,"minified":false,"sourceMap":true,"sourceMaps":true,"sourceMapTarget":"/imports/ui/layouts/app.js.map","sourceFileName":"/imports/ui/layouts/app.js","babelrc":false,"sourceType":"module","moduleIds":false,"passPerPreset":false,"basename":"app"},"ignored":false,"code":"module.export({App:function(){return App}});var React;module.import('react',{\"default\":function(v){React=v}});var Navigation;module.import('../components/navigation.jsx',{\"Navigation\":function(v){Navigation=v}});var Header;module.import('../components/header',{\"default\":function(v){Header=v}});var Footer;module.import('../components/footer',{\"default\":function(v){Footer=v}});\n\n\n\n\nvar App = function App(_ref) {\n       var children = _ref.children;\n\n\n       return React.createElement(\n              'div',\n              null,\n              React.createElement('div', { className: 'cleared reset-box' }),\n              React.createElement(Navigation, null),\n              React.createElement('div', { className: 'cleared reset-box' }),\n              React.createElement(Header, null),\n              React.createElement('div', { className: 'cleared reset-box' }),\n              children,\n              React.createElement(Footer, null),\n              React.createElement('div', { className: 'cleared' })\n       );\n};","ast":null,"map":{"version":3,"sources":["/imports/ui/layouts/app.js"],"names":[],"mappings":"AAAA,OAAO,KAAP,MAAkB,OAAlB;AACA,SAAS,UAAT,QAA2B,8BAA3B;AACA,OAAO,MAAP,MAAmB,sBAAnB;AACA,OAAO,MAAP,MAAmB,sBAAnB;;AAGA,OAAO,IAAM,MAAM,SAAN,GAAM,OAAoB;AAAA,WAAhB,QAAgB,QAAhB,QAAgB;;;AAEtC,cAAS;AAAA;AAAA;AACF,2CAAK,WAAU,mBAAf,GADE;AAGF,kCAAC,UAAD,OAHE;AAMF,2CAAK,WAAU,mBAAf,GANE;AAOF,kCAAC,MAAD,OAPE;AAUF,2CAAK,WAAU,mBAAf,GAVE;AAWA,sBAXA;AAcF,kCAAC,MAAD,OAdE;AAeF,2CAAK,WAAU,SAAf;AAfE,QAAT;AAkBA,CApBM","file":"/imports/ui/layouts/app.js.map","sourcesContent":["import React from 'react';\nimport { Navigation } from '../components/navigation.jsx';\nimport Header from '../components/header';\nimport Footer from '../components/footer';\n\n\nexport const App = ( { children } ) => {\n\n\treturn (\t<div>\n        <div className=\"cleared reset-box\"></div>\n\n        <Navigation />\n\n\n        <div className=\"cleared reset-box\"></div>\n        <Header />\n\n\n        <div className=\"cleared reset-box\"></div>\n        { children }\n\n\n        <Footer />\n        <div className=\"cleared\"></div>\n\n    </div>);\n}"]},"hash":"c1569cc1e27bdd5ba1e3511c8b27e5c28b630142"}
