{"metadata":{"usedHelpers":[],"marked":[],"modules":{"imports":[{"source":"react","imported":["default"],"specifiers":[{"kind":"named","imported":"default","local":"React"}]},{"source":"react-router","imported":["Link"],"specifiers":[{"kind":"named","imported":"Link","local":"Link"}]}],"exports":{"exported":["Footer"],"specifiers":[{"kind":"local","local":"Footer","exported":"Footer"}]}}},"options":{"filename":"/imports/ui/pages/footer.js","filenameRelative":"/imports/ui/pages/footer.js","env":{},"retainLines":false,"highlightCode":true,"suppressDeprecationMessages":false,"presets":[],"plugins":[[[],{"polyfill":false}],[[],null],[[],null],[[],null],[[],null],[[],null],[[],null],[[],null],[[],null],[[],null],[[],null],[[],null],[[],null],[[],null],[[],null],[[],null],[[],{"loose":true}],[[],{"loose":true}],[[],null],[[],{"loose":true}],[[],null],[[],null],[[],null],[[],null],[[],null],[[],null],[[],null],[[],{"loose":true}],[[],null],[[],null],[[],null],[[],null],[[],null],[[],null],[[],null],[[],null]],"ignore":[],"code":true,"metadata":true,"ast":false,"comments":true,"compact":false,"minified":false,"sourceMap":true,"sourceMaps":true,"sourceMapTarget":"/imports/ui/pages/footer.js.map","sourceFileName":"/imports/ui/pages/footer.js","babelrc":false,"sourceType":"module","moduleIds":false,"passPerPreset":false,"basename":"footer"},"ignored":false,"code":"module.export({Footer:function(){return Footer}});var React;module.import('react',{\"default\":function(v){React=v}});var Link;module.import('react-router',{\"Link\":function(v){Link=v}});//import React\n\n\n\n// Create Component & export here\n\nvar Footer = function Footer() {\n\t\treturn React.createElement(\n\t\t\t\t'div',\n\t\t\t\t{ 'class': 'art-footer' },\n\t\t\t\tReact.createElement('div', { 'class': 'art-footer-t' }),\n\t\t\t\tReact.createElement(\n\t\t\t\t\t\t'div',\n\t\t\t\t\t\t{ 'class': 'art-footer-body' },\n\t\t\t\t\t\tReact.createElement(\n\t\t\t\t\t\t\t\t'div',\n\t\t\t\t\t\t\t\t{ 'class': 'art-footer-center' },\n\t\t\t\t\t\t\t\tReact.createElement(\n\t\t\t\t\t\t\t\t\t\t'div',\n\t\t\t\t\t\t\t\t\t\t{ 'class': 'art-footer-wrapper' },\n\t\t\t\t\t\t\t\t\t\tReact.createElement(\n\t\t\t\t\t\t\t\t\t\t\t\t'div',\n\t\t\t\t\t\t\t\t\t\t\t\t{ 'class': 'art-footer-text' },\n\t\t\t\t\t\t\t\t\t\t\t\tReact.createElement(Link, { to: '#', 'class': 'art-rss-tag-icon', title: 'RSS' }),\n\t\t\t\t\t\t\t\t\t\t\t\tReact.createElement(\n\t\t\t\t\t\t\t\t\t\t\t\t\t\t'p',\n\t\t\t\t\t\t\t\t\t\t\t\t\t\tnull,\n\t\t\t\t\t\t\t\t\t\t\t\t\t\tReact.createElement(\n\t\t\t\t\t\t\t\t\t\t\t\t\t\t\t\tLink,\n\t\t\t\t\t\t\t\t\t\t\t\t\t\t\t\t{ to: '#' },\n\t\t\t\t\t\t\t\t\t\t\t\t\t\t\t\t'Link1'\n\t\t\t\t\t\t\t\t\t\t\t\t\t\t),\n\t\t\t\t\t\t\t\t\t\t\t\t\t\t' | ',\n\t\t\t\t\t\t\t\t\t\t\t\t\t\tReact.createElement(\n\t\t\t\t\t\t\t\t\t\t\t\t\t\t\t\tLink,\n\t\t\t\t\t\t\t\t\t\t\t\t\t\t\t\t{ to: '#' },\n\t\t\t\t\t\t\t\t\t\t\t\t\t\t\t\t'Link2'\n\t\t\t\t\t\t\t\t\t\t\t\t\t\t),\n\t\t\t\t\t\t\t\t\t\t\t\t\t\t' | ',\n\t\t\t\t\t\t\t\t\t\t\t\t\t\tReact.createElement(\n\t\t\t\t\t\t\t\t\t\t\t\t\t\t\t\tLink,\n\t\t\t\t\t\t\t\t\t\t\t\t\t\t\t\t{ to: '#' },\n\t\t\t\t\t\t\t\t\t\t\t\t\t\t\t\t'Link3'\n\t\t\t\t\t\t\t\t\t\t\t\t\t\t)\n\t\t\t\t\t\t\t\t\t\t\t\t),\n\t\t\t\t\t\t\t\t\t\t\t\tReact.createElement(\n\t\t\t\t\t\t\t\t\t\t\t\t\t\t'p',\n\t\t\t\t\t\t\t\t\t\t\t\t\t\tnull,\n\t\t\t\t\t\t\t\t\t\t\t\t\t\t'Copyright © 2011. All Rights Reserved.'\n\t\t\t\t\t\t\t\t\t\t\t\t),\n\t\t\t\t\t\t\t\t\t\t\t\tReact.createElement('div', { 'class': 'cleared' }),\n\t\t\t\t\t\t\t\t\t\t\t\tReact.createElement(\n\t\t\t\t\t\t\t\t\t\t\t\t\t\t'p',\n\t\t\t\t\t\t\t\t\t\t\t\t\t\t{ 'class': 'art-page-footer' },\n\t\t\t\t\t\t\t\t\t\t\t\t\t\tReact.createElement(\n\t\t\t\t\t\t\t\t\t\t\t\t\t\t\t\t'a',\n\t\t\t\t\t\t\t\t\t\t\t\t\t\t\t\t{ href: 'http://www.2createawebsite.com/artisteer' },\n\t\t\t\t\t\t\t\t\t\t\t\t\t\t\t\t'Website Template created with Artisteer'\n\t\t\t\t\t\t\t\t\t\t\t\t\t\t),\n\t\t\t\t\t\t\t\t\t\t\t\t\t\t'.'\n\t\t\t\t\t\t\t\t\t\t\t\t)\n\t\t\t\t\t\t\t\t\t\t)\n\t\t\t\t\t\t\t\t)\n\t\t\t\t\t\t),\n\t\t\t\t\t\tReact.createElement('div', { 'class': 'cleared' })\n\t\t\t\t)\n\t\t);\n};","ast":null,"map":{"version":3,"sources":["/imports/ui/pages/footer.js"],"names":[],"mappings":";AACA,OAAO,KAAP,MAAkB,OAAlB;AACA,SAAS,IAAT,QAAqB,cAArB;;;;AAKA,OAAO,IAAM,SAAS,SAAT,MAAS,GAAM;AAC3B,SACE;AAAA;AAAA,MAAK,SAAM,YAAX;AACU,iCAAK,SAAM,cAAX,GADV;AAEU;AAAA;AAAA,QAAK,SAAM,iBAAX;AACI;AAAA;AAAA,UAAK,SAAM,mBAAX;AACI;AAAA;AAAA,YAAK,SAAM,oBAAX;AACI;AAAA;AAAA,cAAK,SAAM,iBAAX;AACI,gCAAC,IAAD,IAAM,IAAG,GAAT,EAAa,SAAM,kBAAnB,EAAsC,OAAM,KAA5C,GADJ;AAGQ;AAAA;AAAA;AAAG;AAAC,oBAAD;AAAA,kBAAM,IAAG,GAAT;AAAA;AAAA,eAAH;AAAA;AAA+B;AAAC,oBAAD;AAAA,kBAAM,IAAG,GAAT;AAAA;AAAA,eAA/B;AAAA;AAA2D;AAAC,oBAAD;AAAA,kBAAM,IAAG,GAAT;AAAA;AAAA;AAA3D,aAHR;AAIQ;AAAA;AAAA;AAAA;AAAA,aAJR;AAMM,yCAAK,SAAM,SAAX,GANN;AAOM;AAAA;AAAA,gBAAG,SAAM,iBAAT;AAA2B;AAAA;AAAA,kBAAG,MAAK,0CAAR;AAAA;AAAA,eAA3B;AAAA;AAAA;AAPN;AADJ;AADJ,OADJ;AAcI,mCAAK,SAAM,SAAX;AAdJ;AAFV,GADF;AAqBA,CAtBM","file":"/imports/ui/pages/footer.js.map","sourcesContent":["//import React \nimport React from 'react';\nimport { Link } from 'react-router'\n\n\n// Create Component & export here\n\nexport const Footer = () => {\n\treturn (\n\t\t\t<div class=\"art-footer\">\n\t            <div class=\"art-footer-t\"></div>\n\t            <div class=\"art-footer-body\">\n\t                <div class=\"art-footer-center\">\n\t                    <div class=\"art-footer-wrapper\">\n\t                        <div class=\"art-footer-text\">\n\t                            <Link to=\"#\" class=\"art-rss-tag-icon\" title=\"RSS\"></Link>\n\t                              \n\t                                <p><Link to=\"#\">Link1</Link> | <Link to=\"#\">Link2</Link> | <Link to=\"#\">Link3</Link></p>\n\t                                <p>Copyright © 2011. All Rights Reserved.</p>\n\n\t                              <div class=\"cleared\"></div>\n\t                              <p class=\"art-page-footer\"><a href=\"http://www.2createawebsite.com/artisteer\">Website Template created with Artisteer</a>.</p>\n\t                        </div>\n\t                    </div>\n\t                </div>\n\t                <div class=\"cleared\"></div>\n\t            </div>\n\t        </div>\n\t\t);\n}"]},"hash":"ce1e4682d6bfc42d87db472a1dc8eab4287f38fb"}
