{"metadata":{"usedHelpers":[],"marked":[],"modules":{"imports":[{"source":"react","imported":["default"],"specifiers":[{"kind":"named","imported":"default","local":"React"}]},{"source":"../components/navigation.jsx","imported":["Navigation"],"specifiers":[{"kind":"named","imported":"Navigation","local":"Navigation"}]}],"exports":{"exported":["App"],"specifiers":[{"kind":"local","local":"App","exported":"App"}]}}},"options":{"filename":"/imports/ui/layouts/app.jsx","filenameRelative":"/imports/ui/layouts/app.jsx","env":{},"retainLines":false,"highlightCode":true,"suppressDeprecationMessages":false,"presets":[],"plugins":[[[],{"polyfill":false}],[[],null],[[],null],[[],null],[[],null],[[],null],[[],null],[[],null],[[],null],[[],null],[[],null],[[],null],[[],null],[[],null],[[],null],[[],null],[[],{"loose":true}],[[],{"loose":true}],[[],null],[[],{"loose":true}],[[],null],[[],null],[[],null],[[],null],[[],null],[[],null],[[],null],[[],{"loose":true}],[[],null],[[],null],[[],null],[[],null],[[],null],[[],null],[[],null],[[],null]],"ignore":[],"code":true,"metadata":true,"ast":false,"comments":true,"compact":false,"minified":false,"sourceMap":true,"sourceMaps":true,"sourceMapTarget":"/imports/ui/layouts/app.jsx.map","sourceFileName":"/imports/ui/layouts/app.jsx","babelrc":false,"sourceType":"module","moduleIds":false,"passPerPreset":false,"basename":"app"},"ignored":false,"code":"module.export({App:function(){return App}});var React;module.import('react',{\"default\":function(v){React=v}});var Navigation;module.import('../components/navigation.jsx',{\"Navigation\":function(v){Navigation=v}});\n\n\nvar App = function App(_ref) {\n  var children = _ref.children;\n  return React.createElement(\n    'div',\n    null,\n    React.createElement(Navigation, null),\n    children\n  );\n};","ast":null,"map":{"version":3,"sources":["/imports/ui/layouts/app.jsx"],"names":[],"mappings":"AAAA,OAAO,KAAP,MAAkB,OAAlB;AACA,SAAS,UAAT,QAA2B,8BAA3B;;AAEA,OAAO,IAAM,MAAM,SAAN,GAAM;AAAA,MAAI,QAAJ,QAAI,QAAJ;AAAA,SACjB;AAAA;AAAA;AACE,wBAAC,UAAD,OADF;AAEI;AAFJ,GADiB;AAAA,CAAZ","file":"/imports/ui/layouts/app.jsx.map","sourcesContent":["import React from 'react';\nimport { Navigation } from '../components/navigation.jsx';\n\nexport const App = ( { children } ) => (\n  <div>\n    <Navigation />\n    { children }\n  </div>\n)"]},"hash":"d46a8cca83ce63a1765e3c52a675a5f55200f59a"}
