{"metadata":{"usedHelpers":[],"marked":[],"modules":{"imports":[{"source":"react","imported":["default"],"specifiers":[{"kind":"named","imported":"default","local":"React"}]},{"source":"react-router","imported":["Link"],"specifiers":[{"kind":"named","imported":"Link","local":"Link"}]}],"exports":{"exported":["Footer"],"specifiers":[{"kind":"local","local":"Footer","exported":"Footer"}]}}},"options":{"filename":"/imports/ui/pages/footer.js","filenameRelative":"/imports/ui/pages/footer.js","env":{},"retainLines":false,"highlightCode":true,"suppressDeprecationMessages":false,"presets":[],"plugins":[[[],{"polyfill":false}],[[],null],[[],null],[[],null],[[],null],[[],null],[[],null],[[],null],[[],null],[[],null],[[],null],[[],null],[[],null],[[],null],[[],null],[[],null],[[],{"loose":true}],[[],{"loose":true}],[[],null],[[],{"loose":true}],[[],null],[[],null],[[],null],[[],null],[[],null],[[],null],[[],null],[[],{"loose":true}],[[],null],[[],null],[[],null],[[],null],[[],null],[[],null],[[],null],[[],null]],"ignore":[],"code":true,"metadata":true,"ast":false,"comments":true,"compact":false,"minified":false,"sourceMap":true,"sourceMaps":true,"sourceMapTarget":"/imports/ui/pages/footer.js.map","sourceFileName":"/imports/ui/pages/footer.js","babelrc":false,"sourceType":"module","moduleIds":false,"passPerPreset":false,"basename":"footer"},"ignored":false,"code":"module.export({Footer:function(){return Footer}});var React;module.import('react',{\"default\":function(v){React=v}});var Link;module.import('react-router',{\"Link\":function(v){Link=v}});//import React\n\n\n\n// Create Component\n\nvar Footer = function Footer() {\n\t\treturn React.createElement(\n\t\t\t\t'div',\n\t\t\t\t{ 'class': 'art-footer' },\n\t\t\t\tReact.createElement('div', { 'class': 'art-footer-t' }),\n\t\t\t\tReact.createElement(\n\t\t\t\t\t\t'div',\n\t\t\t\t\t\t{ 'class': 'art-footer-body' },\n\t\t\t\t\t\tReact.createElement(\n\t\t\t\t\t\t\t\t'div',\n\t\t\t\t\t\t\t\t{ 'class': 'art-footer-center' },\n\t\t\t\t\t\t\t\tReact.createElement(\n\t\t\t\t\t\t\t\t\t\t'div',\n\t\t\t\t\t\t\t\t\t\t{ 'class': 'art-footer-wrapper' },\n\t\t\t\t\t\t\t\t\t\tReact.createElement(\n\t\t\t\t\t\t\t\t\t\t\t\t'div',\n\t\t\t\t\t\t\t\t\t\t\t\t{ 'class': 'art-footer-text' },\n\t\t\t\t\t\t\t\t\t\t\t\tReact.createElement('a', { href: '#', 'class': 'art-rss-tag-icon', title: 'RSS' }),\n\t\t\t\t\t\t\t\t\t\t\t\tReact.createElement(\n\t\t\t\t\t\t\t\t\t\t\t\t\t\t'p',\n\t\t\t\t\t\t\t\t\t\t\t\t\t\tnull,\n\t\t\t\t\t\t\t\t\t\t\t\t\t\tReact.createElement(\n\t\t\t\t\t\t\t\t\t\t\t\t\t\t\t\t'a',\n\t\t\t\t\t\t\t\t\t\t\t\t\t\t\t\t{ href: '#' },\n\t\t\t\t\t\t\t\t\t\t\t\t\t\t\t\t'Link1'\n\t\t\t\t\t\t\t\t\t\t\t\t\t\t),\n\t\t\t\t\t\t\t\t\t\t\t\t\t\t' | ',\n\t\t\t\t\t\t\t\t\t\t\t\t\t\tReact.createElement(\n\t\t\t\t\t\t\t\t\t\t\t\t\t\t\t\t'a',\n\t\t\t\t\t\t\t\t\t\t\t\t\t\t\t\t{ href: '#' },\n\t\t\t\t\t\t\t\t\t\t\t\t\t\t\t\t'Link2'\n\t\t\t\t\t\t\t\t\t\t\t\t\t\t),\n\t\t\t\t\t\t\t\t\t\t\t\t\t\t' | ',\n\t\t\t\t\t\t\t\t\t\t\t\t\t\tReact.createElement(\n\t\t\t\t\t\t\t\t\t\t\t\t\t\t\t\t'a',\n\t\t\t\t\t\t\t\t\t\t\t\t\t\t\t\t{ href: '#' },\n\t\t\t\t\t\t\t\t\t\t\t\t\t\t\t\t'Link3'\n\t\t\t\t\t\t\t\t\t\t\t\t\t\t)\n\t\t\t\t\t\t\t\t\t\t\t\t),\n\t\t\t\t\t\t\t\t\t\t\t\tReact.createElement(\n\t\t\t\t\t\t\t\t\t\t\t\t\t\t'p',\n\t\t\t\t\t\t\t\t\t\t\t\t\t\tnull,\n\t\t\t\t\t\t\t\t\t\t\t\t\t\t'Copyright © 2011. All Rights Reserved.'\n\t\t\t\t\t\t\t\t\t\t\t\t),\n\t\t\t\t\t\t\t\t\t\t\t\tReact.createElement('div', { 'class': 'cleared' }),\n\t\t\t\t\t\t\t\t\t\t\t\tReact.createElement(\n\t\t\t\t\t\t\t\t\t\t\t\t\t\t'p',\n\t\t\t\t\t\t\t\t\t\t\t\t\t\t{ 'class': 'art-page-footer' },\n\t\t\t\t\t\t\t\t\t\t\t\t\t\tReact.createElement(\n\t\t\t\t\t\t\t\t\t\t\t\t\t\t\t\t'a',\n\t\t\t\t\t\t\t\t\t\t\t\t\t\t\t\t{ href: 'http://www.2createawebsite.com/artisteer' },\n\t\t\t\t\t\t\t\t\t\t\t\t\t\t\t\t'Website Template created with Artisteer'\n\t\t\t\t\t\t\t\t\t\t\t\t\t\t),\n\t\t\t\t\t\t\t\t\t\t\t\t\t\t'.'\n\t\t\t\t\t\t\t\t\t\t\t\t)\n\t\t\t\t\t\t\t\t\t\t)\n\t\t\t\t\t\t\t\t)\n\t\t\t\t\t\t),\n\t\t\t\t\t\tReact.createElement('div', { 'class': 'cleared' })\n\t\t\t\t)\n\t\t);\n};","ast":null,"map":{"version":3,"sources":["/imports/ui/pages/footer.js"],"names":[],"mappings":";AACA,OAAO,KAAP,MAAkB,OAAlB;AACA,SAAS,IAAT,QAAqB,cAArB;;;;AAKA,OAAO,IAAM,SAAS,SAAT,MAAS,GAAM;AAC3B,SACE;AAAA;AAAA,MAAK,SAAM,YAAX;AACU,iCAAK,SAAM,cAAX,GADV;AAEU;AAAA;AAAA,QAAK,SAAM,iBAAX;AACI;AAAA;AAAA,UAAK,SAAM,mBAAX;AACI;AAAA;AAAA,YAAK,SAAM,oBAAX;AACI;AAAA;AAAA,cAAK,SAAM,iBAAX;AACI,uCAAG,MAAK,GAAR,EAAY,SAAM,kBAAlB,EAAqC,OAAM,KAA3C,GADJ;AAGQ;AAAA;AAAA;AAAG;AAAA;AAAA,kBAAG,MAAK,GAAR;AAAA;AAAA,eAAH;AAAA;AAA2B;AAAA;AAAA,kBAAG,MAAK,GAAR;AAAA;AAAA,eAA3B;AAAA;AAAmD;AAAA;AAAA,kBAAG,MAAK,GAAR;AAAA;AAAA;AAAnD,aAHR;AAIQ;AAAA;AAAA;AAAA;AAAA,aAJR;AAOM,yCAAK,SAAM,SAAX,GAPN;AAQM;AAAA;AAAA,gBAAG,SAAM,iBAAT;AAA2B;AAAA;AAAA,kBAAG,MAAK,0CAAR;AAAA;AAAA,eAA3B;AAAA;AAAA;AARN;AADJ;AADJ,OADJ;AAeI,mCAAK,SAAM,SAAX;AAfJ;AAFV,GADF;AAsBA,CAvBM","file":"/imports/ui/pages/footer.js.map","sourcesContent":["//import React \nimport React from 'react';\nimport { Link } from 'react-router'\n\n\n// Create Component\n\nexport const Footer = () => {\n\treturn(\n\t\t\t<div class=\"art-footer\">\n\t            <div class=\"art-footer-t\"></div>\n\t            <div class=\"art-footer-body\">\n\t                <div class=\"art-footer-center\">\n\t                    <div class=\"art-footer-wrapper\">\n\t                        <div class=\"art-footer-text\">\n\t                            <a href=\"#\" class=\"art-rss-tag-icon\" title=\"RSS\"></a>\n\t                              \n\t                                <p><a href=\"#\">Link1</a> | <a href=\"#\">Link2</a> | <a href=\"#\">Link3</a></p>\n\t                                <p>Copyright © 2011. All Rights Reserved.</p>\n\n\n\t                              <div class=\"cleared\"></div>\n\t                              <p class=\"art-page-footer\"><a href=\"http://www.2createawebsite.com/artisteer\">Website Template created with Artisteer</a>.</p>\n\t                        </div>\n\t                    </div>\n\t                </div>\n\t                <div class=\"cleared\"></div>\n\t            </div>\n\t        </div>\n\t\t);\n}"]},"hash":"d82aebdfe406ed9cc7dd17e6bb2f7091471e0885"}
