{"metadata":{"usedHelpers":[],"marked":[],"modules":{"imports":[{"source":"react","imported":["default"],"specifiers":[{"kind":"named","imported":"default","local":"React"}]},{"source":"../components/navigation","imported":["Navigation"],"specifiers":[{"kind":"named","imported":"Navigation","local":"Navigation"}]},{"source":"react-router","imported":["IndexLink","Link"],"specifiers":[{"kind":"named","imported":"IndexLink","local":"IndexLink"},{"kind":"named","imported":"Link","local":"Link"}]}],"exports":{"exported":["App404"],"specifiers":[{"kind":"local","local":"App404","exported":"App404"}]}}},"options":{"filename":"/imports/ui/pages/404.js","filenameRelative":"/imports/ui/pages/404.js","env":{},"retainLines":false,"highlightCode":true,"suppressDeprecationMessages":false,"presets":[],"plugins":[[[],{"polyfill":false}],[[],null],[[],null],[[],null],[[],null],[[],null],[[],null],[[],null],[[],null],[[],null],[[],null],[[],null],[[],null],[[],null],[[],{"loose":true}],[[],{"loose":true}],[[],null],[[],{"loose":true}],[[],null],[[],null],[[],null],[[],null],[[],null],[[],null],[[],null],[[],{"loose":true}],[[],null],[[],null],[[],null],[[],null],[[],null],[[],null],[[],null],[[],null]],"ignore":[],"code":true,"metadata":true,"ast":false,"comments":true,"compact":false,"minified":false,"sourceMap":true,"sourceMaps":true,"sourceMapTarget":"/imports/ui/pages/404.js.map","sourceFileName":"/imports/ui/pages/404.js","babelrc":false,"sourceType":"module","moduleIds":false,"passPerPreset":false,"basename":"404"},"ignored":false,"code":"module.export({App404:function(){return App404}});var React;module.import('react',{\"default\":function(v){React=v}});var Navigation;module.import('../components/navigation',{\"Navigation\":function(v){Navigation=v}});var IndexLink,Link;module.import('react-router',{\"IndexLink\":function(v){IndexLink=v},\"Link\":function(v){Link=v}});\n\n\n\nvar App404 = function App404() {\n\n    return React.createElement(\n        'div',\n        { className: 'art-content-layout-row', style: { display: 'none' } },\n        React.createElement(\n            'h1',\n            null,\n            '404'\n        ),\n        React.createElement(\n            'h3',\n            null,\n            'Page not Found.'\n        ),\n        React.createElement(\n            'h6',\n            null,\n            'Please enter valid url'\n        )\n    );\n};","ast":null,"map":{"version":3,"sources":["/imports/ui/pages/404.js"],"names":[],"mappings":"AAAA,OAAO,KAAP,MAAkB,OAAlB;AACA,SAAS,UAAT,QAA2B,0BAA3B;AACA,SAAS,SAAT,EAAoB,IAApB,QAAgC,cAAhC;;AAGA,OAAO,IAAM,SAAS,SAAT,MAAS,GAAM;;AAE1B,WACQ;AAAA;AAAA,UAAK,WAAU,wBAAf,EAAwC,OAAO,EAAC,SAAS,MAAV,EAA/C;AACI;AAAA;AAAA;AAAA;AAAA,SADJ;AAEI;AAAA;AAAA;AAAA;AAAA,SAFJ;AAGI;AAAA;AAAA;AAAA;AAAA;AAHJ,KADR;AAOD,CATM","file":"/imports/ui/pages/404.js.map","sourcesContent":["import React from 'react';\nimport { Navigation } from '../components/navigation';\nimport { IndexLink, Link } from 'react-router';\n\n\nexport const App404 = () => {\n\n  return (\n          <div className=\"art-content-layout-row\" style={{display: 'none'}} >\n              <h1>404</h1>\n              <h3>Page not Found.</h3>\n              <h6>Please enter valid url</h6>\n          </div>\n  );\n}"]},"hash":"da1f700685b0db044f16facb9d75113f2b9a7257"}
