{"metadata":{"usedHelpers":[],"marked":[],"modules":{"imports":[{"source":"react","imported":["default"],"specifiers":[{"kind":"named","imported":"default","local":"React"}]}],"exports":{"exported":["ContactUs"],"specifiers":[{"kind":"local","local":"ContactUs","exported":"ContactUs"}]}}},"options":{"filename":"/imports/ui/pages/contact_us.js","filenameRelative":"/imports/ui/pages/contact_us.js","env":{},"retainLines":false,"highlightCode":true,"suppressDeprecationMessages":false,"presets":[],"plugins":[[[],{"polyfill":false}],[[],null],[[],null],[[],null],[[],null],[[],null],[[],null],[[],null],[[],null],[[],null],[[],null],[[],null],[[],null],[[],null],[[],null],[[],null],[[],{"loose":true}],[[],{"loose":true}],[[],null],[[],{"loose":true}],[[],null],[[],null],[[],null],[[],null],[[],null],[[],null],[[],null],[[],{"loose":true}],[[],null],[[],null],[[],null],[[],null],[[],null],[[],null],[[],null],[[],null]],"ignore":[],"code":true,"metadata":true,"ast":false,"comments":true,"compact":false,"minified":false,"sourceMap":true,"sourceMaps":true,"sourceMapTarget":"/imports/ui/pages/contact_us.js.map","sourceFileName":"/imports/ui/pages/contact_us.js","babelrc":false,"sourceType":"module","moduleIds":false,"passPerPreset":false,"basename":"contact_us"},"ignored":false,"code":"module.export({ContactUs:function(){return ContactUs}});var React;module.import('react',{\"default\":function(v){React=v}});\n\nvar ContactUs = function ContactUs() {\n\treturn React.createElement(\n\t\t'div',\n\t\tnull,\n\t\tReact.createElement(\n\t\t\t'h3',\n\t\t\tnull,\n\t\t\t'ContactUs'\n\t\t),\n\t\tReact.createElement(\n\t\t\t'form',\n\t\t\tnull,\n\t\t\tReact.createElement(\n\t\t\t\t'div',\n\t\t\t\t{ className: 'form-group' },\n\t\t\t\tReact.createElement(\n\t\t\t\t\t'label',\n\t\t\t\t\tnull,\n\t\t\t\t\t'Email'\n\t\t\t\t),\n\t\t\t\tReact.createElement('input', { placeholder: 'enter your email id', className: 'form-control' })\n\t\t\t),\n\t\t\tReact.createElement('div', { className: 'text-danger' }),\n\t\t\tReact.createElement(\n\t\t\t\t'button',\n\t\t\t\t{ className: 'btn btn-primary' },\n\t\t\t\t'Send!'\n\t\t\t)\n\t\t)\n\t);\n};","ast":null,"map":{"version":3,"sources":["/imports/ui/pages/contact_us.js"],"names":[],"mappings":"AAAA,OAAO,KAAP,MAAkB,OAAlB;;AAEA,OAAO,IAAM,YAAY,SAAZ,SAAY,GAAM;AAC9B,QACC;AAAA;AAAA;AACC;AAAA;AAAA;AAAA;AAAA,GADD;AAEC;AAAA;AAAA;AACC;AAAA;AAAA,MAAK,WAAU,YAAf;AACC;AAAA;AAAA;AAAA;AAAA,KADD;AAEC,mCAAO,aAAY,qBAAnB,EAAyC,WAAU,cAAnD;AAFD,IADD;AAKC,gCAAK,WAAU,aAAf,GALD;AAMC;AAAA;AAAA,MAAQ,WAAU,iBAAlB;AAAA;AAAA;AAND;AAFD,EADD;AAaA,CAdM","file":"/imports/ui/pages/contact_us.js.map","sourcesContent":["import React from 'react';\n\nexport const ContactUs = () => {\n\treturn (\n\t\t<div>\n\t\t\t<h3>ContactUs</h3>\n\t\t\t<form>\n\t\t\t\t<div className=\"form-group\">\n\t\t\t\t\t<label>Email</label>\n\t\t\t\t\t<input placeholder='enter your email id' className=\"form-control\" />\n\t\t\t\t</div>\n\t\t\t\t<div className=\"text-danger\"></div>\n\t\t\t\t<button className=\"btn btn-primary\">Send!</button>\n\t\t    </form>\n\t\t</div>\n\t\t);\n}"]},"hash":"dd4afc62ea787f1625a566a07df8f2b076b531f5"}
