{"metadata":{"usedHelpers":[],"marked":[],"modules":{"imports":[{"source":"meteor/meteor","imported":["Meteor"],"specifiers":[{"kind":"named","imported":"Meteor","local":"Meteor"}]},{"source":"../imports/collections/descriptions","imported":["Tasks"],"specifiers":[{"kind":"named","imported":"Tasks","local":"Tasks"}]}],"exports":{"exported":[],"specifiers":[]}}},"options":{"filename":"/server/main.js","filenameRelative":"/server/main.js","env":{},"retainLines":false,"highlightCode":true,"suppressDeprecationMessages":false,"presets":[],"plugins":[[[],{"polyfill":false}],[[],null],[[],null],[[],null],[[],null],[[],null],[[],null],[[],null],[[],null],[[],null],[[],null],[[],null],[[],null],[[],null],[[],{"loose":true}],[[],{"loose":true}],[[],null],[[],{"loose":true}],[[],null],[[],null],[[],null],[[],null],[[],null],[[],null],[[],null],[[],{"loose":true}],[[],null],[[],null],[[],null],[[],null],[[],null],[[],null],[[],null],[[],null]],"ignore":[],"code":true,"metadata":true,"ast":false,"comments":true,"compact":false,"minified":false,"sourceMap":true,"sourceMaps":true,"sourceMapTarget":"/server/main.js.map","sourceFileName":"/server/main.js","babelrc":false,"sourceType":"module","moduleIds":false,"passPerPreset":false,"basename":"main"},"ignored":false,"code":"var Meteor;module.import('meteor/meteor',{\"Meteor\":function(v){Meteor=v}});var Tasks;module.import('../imports/collections/descriptions',{\"Tasks\":function(v){Tasks=v}});\n\n\nMeteor.startup(function () {\n  // code to run on server at startup\n\n});","ast":null,"map":{"version":3,"sources":["/server/main.js"],"names":[],"mappings":"AAAA,SAAS,MAAT,QAAuB,eAAvB;AACA,SAAS,KAAT,QAAsB,qCAAtB;;AAIA,OAAO,OAAP,CAAe,YAAM;;;AAGpB,CAHD","file":"/server/main.js.map","sourcesContent":["import { Meteor } from 'meteor/meteor';\nimport { Tasks } from '../imports/collections/descriptions';\n\n\n\nMeteor.startup(() => {\n  // code to run on server at startup\n  \n});\n"]},"hash":"e1332d201ff9528d0f74a806434d17b897b504e4"}
