{"metadata":{"usedHelpers":[],"marked":[],"modules":{"imports":[{"source":"react","imported":["default"],"specifiers":[{"kind":"named","imported":"default","local":"React"}]},{"source":"react-router","imported":["IndexLink","Link"],"specifiers":[{"kind":"named","imported":"IndexLink","local":"IndexLink"},{"kind":"named","imported":"Link","local":"Link"}]}],"exports":{"exported":["Navigation"],"specifiers":[{"kind":"local","local":"Navigation","exported":"Navigation"}]}}},"options":{"filename":"/imports/ui/components/navigation.jsx","filenameRelative":"/imports/ui/components/navigation.jsx","env":{},"retainLines":false,"highlightCode":true,"suppressDeprecationMessages":false,"presets":[],"plugins":[[[],{"polyfill":false}],[[],null],[[],null],[[],null],[[],null],[[],null],[[],null],[[],null],[[],null],[[],null],[[],null],[[],null],[[],null],[[],null],[[],{"loose":true}],[[],{"loose":true}],[[],null],[[],{"loose":true}],[[],null],[[],null],[[],null],[[],null],[[],null],[[],null],[[],null],[[],{"loose":true}],[[],null],[[],null],[[],null],[[],null],[[],null],[[],null],[[],null],[[],null]],"ignore":[],"code":true,"metadata":true,"ast":false,"comments":true,"compact":false,"minified":false,"sourceMap":true,"sourceMaps":true,"sourceMapTarget":"/imports/ui/components/navigation.jsx.map","sourceFileName":"/imports/ui/components/navigation.jsx","babelrc":false,"sourceType":"module","moduleIds":false,"passPerPreset":false,"basename":"navigation"},"ignored":false,"code":"module.export({Navigation:function(){return Navigation}});var React;module.import('react',{\"default\":function(v){React=v}});var IndexLink,Link;module.import('react-router',{\"IndexLink\":function(v){IndexLink=v},\"Link\":function(v){Link=v}});\n\n\nvar Navigation = function Navigation() {\n  return React.createElement(\n    'div',\n    { 'class': 'art-nav __web-inspector-hide-shortcut__' },\n    React.createElement('div', { 'class': 'art-nav-l' }),\n    React.createElement('div', { 'class': 'art-nav-r' }),\n    React.createElement(\n      'div',\n      { 'class': 'art-nav-outer' },\n      React.createElement(\n        'div',\n        { 'class': 'art-nav-wrapper' },\n        React.createElement(\n          'div',\n          { 'class': 'art-nav-inner' },\n          React.createElement(\n            'ul',\n            { 'class': 'art-hmenu' },\n            React.createElement(\n              'li',\n              null,\n              React.createElement(\n                'a',\n                { href: '/', 'class': 'active' },\n                React.createElement('span', { 'class': 'l' }),\n                React.createElement('span', { 'class': 'r' }),\n                React.createElement(\n                  'span',\n                  { 'class': 't' },\n                  'Home'\n                )\n              )\n            ),\n            React.createElement(\n              'li',\n              { 'class': 'art-hmenu-li-separator' },\n              React.createElement(\n                'span',\n                { 'class': 'art-hmenu-separator' },\n                ' '\n              )\n            ),\n            React.createElement(\n              'li',\n              null,\n              React.createElement(\n                'a',\n                { href: '/about_us' },\n                React.createElement('span', { 'class': 'l' }),\n                React.createElement('span', { 'class': 'r' }),\n                React.createElement(\n                  'span',\n                  { 'class': 't' },\n                  'About Us'\n                )\n              )\n            ),\n            React.createElement(\n              'li',\n              null,\n              React.createElement(\n                'a',\n                { href: '/contact_us' },\n                React.createElement('span', { 'class': 'l' }),\n                React.createElement('span', { 'class': 'r' }),\n                React.createElement(\n                  'span',\n                  { 'class': 't' },\n                  'Contact Us'\n                )\n              )\n            )\n          )\n        )\n      )\n    )\n  );\n};","ast":null,"map":{"version":3,"sources":["/imports/ui/components/navigation.jsx"],"names":[],"mappings":"AAAA,OAAO,KAAP,MAAkB,OAAlB;AACA,SAAS,SAAT,EAAoB,IAApB,QAAgC,cAAhC;;AAEA,OAAO,IAAM,aAAa,SAAb,UAAa;AAAA,SACxB;AAAA;AAAA,MAAK,SAAM,yCAAX;AACU,iCAAK,SAAM,WAAX,GADV;AAEU,iCAAK,SAAM,WAAX,GAFV;AAGU;AAAA;AAAA,QAAK,SAAM,eAAX;AACI;AAAA;AAAA,UAAK,SAAM,iBAAX;AACI;AAAA;AAAA,YAAK,SAAM,eAAX;AACI;AAAA;AAAA,cAAI,SAAM,WAAV;AACE;AAAA;AAAA;AACE;AAAA;AAAA,kBAAG,MAAK,GAAR,EAAY,SAAM,QAAlB;AAA2B,8CAAM,SAAM,GAAZ,GAA3B;AAAkD,8CAAM,SAAM,GAAZ,GAAlD;AAAyE;AAAA;AAAA,oBAAM,SAAM,GAAZ;AAAA;AAAA;AAAzE;AADF,aADF;AAGO;AAAA;AAAA,gBAAI,SAAM,wBAAV;AAAmC;AAAA;AAAA,kBAAM,SAAM,qBAAZ;AAAA;AAAA;AAAnC,aAHP;AAIE;AAAA;AAAA;AACE;AAAA;AAAA,kBAAG,MAAK,WAAR;AAAoB,8CAAM,SAAM,GAAZ,GAApB;AAA2C,8CAAM,SAAM,GAAZ,GAA3C;AAAkE;AAAA;AAAA,oBAAM,SAAM,GAAZ;AAAA;AAAA;AAAlE;AADF,aAJF;AAOE;AAAA;AAAA;AACE;AAAA;AAAA,kBAAG,MAAK,aAAR;AAAsB,8CAAM,SAAM,GAAZ,GAAtB;AAA6C,8CAAM,SAAM,GAAZ,GAA7C;AAAoE;AAAA;AAAA,oBAAM,SAAM,GAAZ;AAAA;AAAA;AAApE;AADF;AAPF;AADJ;AADJ;AADJ;AAHV,GADwB;AAAA,CAAnB","file":"/imports/ui/components/navigation.jsx.map","sourcesContent":["import React from 'react';\nimport { IndexLink, Link } from 'react-router';\n\nexport const Navigation = () => (\n  <div class=\"art-nav __web-inspector-hide-shortcut__\">\n            <div class=\"art-nav-l\"></div>\n            <div class=\"art-nav-r\"></div>\n            <div class=\"art-nav-outer\">\n                <div class=\"art-nav-wrapper\">\n                    <div class=\"art-nav-inner\">\n                        <ul class=\"art-hmenu\">\n                          <li>\n                            <a href=\"/\" class=\"active\"><span class=\"l\"></span><span class=\"r\"></span><span class=\"t\">Home</span></a>\n                          </li><li class=\"art-hmenu-li-separator\"><span class=\"art-hmenu-separator\"> </span></li> \n                          <li>\n                            <a href=\"/about_us\"><span class=\"l\"></span><span class=\"r\"></span><span class=\"t\">About Us</span></a>\n                          </li> \n                          <li>\n                            <a href=\"/contact_us\"><span class=\"l\"></span><span class=\"r\"></span><span class=\"t\">Contact Us</span></a>\n                          </li> \n                        </ul>\n                    </div>\n                </div>\n            </div>\n        </div>\n)"]},"hash":"e7a1831f49076a3181386f66176915de57381a4a"}
