{"metadata":{"usedHelpers":[],"marked":[],"modules":{"imports":[{"source":"react","imported":["default"],"specifiers":[{"kind":"named","imported":"default","local":"React"}]},{"source":"react-dom","imported":["render"],"specifiers":[{"kind":"named","imported":"render","local":"render"}]},{"source":"react-router","imported":["Router","Route","browserHistory"],"specifiers":[{"kind":"named","imported":"Router","local":"Router"},{"kind":"named","imported":"Route","local":"Route"},{"kind":"named","imported":"browserHistory","local":"browserHistory"}]},{"source":"../../ui/components/index.jsx","imported":["Index"],"specifiers":[{"kind":"named","imported":"Index","local":"Index"}]}],"exports":{"exported":[],"specifiers":[]}}},"options":{"filename":"/imports/startup/client/routes.jsx","filenameRelative":"/imports/startup/client/routes.jsx","env":{},"retainLines":false,"highlightCode":true,"suppressDeprecationMessages":false,"presets":[],"plugins":[[[],{"polyfill":false}],[[],null],[[],null],[[],null],[[],null],[[],null],[[],null],[[],null],[[],null],[[],null],[[],null],[[],null],[[],null],[[],null],[[],null],[[],null],[[],{"loose":true}],[[],{"loose":true}],[[],null],[[],{"loose":true}],[[],null],[[],null],[[],null],[[],null],[[],null],[[],null],[[],null],[[],{"loose":true}],[[],null],[[],null],[[],null],[[],null],[[],null],[[],null],[[],null],[[],null]],"ignore":[],"code":true,"metadata":true,"ast":false,"comments":true,"compact":false,"minified":false,"sourceMap":true,"sourceMaps":true,"sourceMapTarget":"/imports/startup/client/routes.jsx.map","sourceFileName":"/imports/startup/client/routes.jsx","babelrc":false,"sourceType":"module","moduleIds":false,"passPerPreset":false,"basename":"routes"},"ignored":false,"code":"var React;module.import('react',{\"default\":function(v){React=v}});var render;module.import('react-dom',{\"render\":function(v){render=v}});var Router,Route,browserHistory;module.import('react-router',{\"Router\":function(v){Router=v},\"Route\":function(v){Route=v},\"browserHistory\":function(v){browserHistory=v}});var Index;module.import('../../ui/components/index.jsx',{\"Index\":function(v){Index=v}});\n\n\n\n\n\nMeteor.startup(function () {\n  render(React.createElement(\n    Router,\n    { history: browserHistory },\n    React.createElement(Route, { path: '/', component: Index })\n  ), document.getElementById('react-root'));\n});","ast":null,"map":{"version":3,"sources":["/imports/startup/client/routes.jsx"],"names":[],"mappings":"AAAA,OAAO,KAAP,MAAkB,OAAlB;AACA,SAAS,MAAT,QAAuB,WAAvB;AACA,SAAS,MAAT,EAAiB,KAAjB,EAAwB,cAAxB,QAA8C,cAA9C;;AAEA,SAAS,KAAT,QAAsB,+BAAtB;;AAEA,OAAO,OAAP,CAAgB,YAAM;AACpB,SACE;AAAC,UAAD;AAAA,MAAQ,SAAU,cAAlB;AACE,wBAAC,KAAD,IAAO,MAAK,GAAZ,EAAgB,WAAY,KAA5B;AADF,GADF,EAIE,SAAS,cAAT,CAAyB,YAAzB,CAJF;AAMD,CAPD","file":"/imports/startup/client/routes.jsx.map","sourcesContent":["import React from 'react';\nimport { render } from 'react-dom';\nimport { Router, Route, browserHistory } from 'react-router';\n\nimport { Index } from '../../ui/components/index.jsx';\n\nMeteor.startup( () => {\n  render( \n    <Router history={ browserHistory }>\n      <Route path=\"/\" component={ Index } />\n    </Router>, \n    document.getElementById( 'react-root' ) \n  );\n});"]},"hash":"e97b36402ddb9641de06860beec4686f8da0bd81"}
