{"metadata":{"usedHelpers":[],"marked":[],"modules":{"imports":[{"source":"react","imported":["default"],"specifiers":[{"kind":"named","imported":"default","local":"React"}]},{"source":"./content_detail","imported":["default"],"specifiers":[{"kind":"named","imported":"default","local":"ContentDetail"}]}],"exports":{"exported":[],"specifiers":[]}}},"options":{"filename":"/imports/ui/pages/image_detail.js","filenameRelative":"/imports/ui/pages/image_detail.js","env":{},"retainLines":false,"highlightCode":true,"suppressDeprecationMessages":false,"presets":[],"plugins":[[[],{"polyfill":false}],[[],null],[[],null],[[],null],[[],null],[[],null],[[],null],[[],null],[[],null],[[],null],[[],null],[[],null],[[],null],[[],null],[[],null],[[],null],[[],{"loose":true}],[[],{"loose":true}],[[],null],[[],{"loose":true}],[[],null],[[],null],[[],null],[[],null],[[],null],[[],null],[[],null],[[],{"loose":true}],[[],null],[[],null],[[],null],[[],null],[[],null],[[],null],[[],null],[[],null]],"ignore":[],"code":true,"metadata":true,"ast":false,"comments":true,"compact":false,"minified":false,"sourceMap":true,"sourceMaps":true,"sourceMapTarget":"/imports/ui/pages/image_detail.js.map","sourceFileName":"/imports/ui/pages/image_detail.js","babelrc":false,"sourceType":"module","moduleIds":false,"passPerPreset":false,"basename":"image_detail"},"ignored":false,"code":"var React;module.import('react',{\"default\":function(v){React=v}});var ContentDetail;module.import('./content_detail',{\"default\":function(v){ContentDetail=v}});// import react\n\n\n\n//Create components\nvar ImageDetail = function ImageDetail(props) {\n\treturn React.createElement(\n\t\t'div',\n\t\tnull,\n\t\tReact.createElement(\n\t\t\t'div',\n\t\t\t{ className: 'art-layout-cell art-content' },\n\t\t\tReact.createElement(\n\t\t\t\t'div',\n\t\t\t\t{ className: 'art-post' },\n\t\t\t\tReact.createElement('div', { className: 'art-post-tl' }),\n\t\t\t\tReact.createElement('div', { className: 'art-post-tr' }),\n\t\t\t\tReact.createElement('div', { className: 'art-post-bl' }),\n\t\t\t\tReact.createElement('div', { className: 'art-post-br' }),\n\t\t\t\tReact.createElement('div', { className: 'art-post-tc' }),\n\t\t\t\tReact.createElement('div', { className: 'art-post-bc' }),\n\t\t\t\tReact.createElement('div', { className: 'art-post-cl' }),\n\t\t\t\tReact.createElement('div', { className: 'art-post-cr' }),\n\t\t\t\tReact.createElement('div', { className: 'art-post-cc' }),\n\t\t\t\tReact.createElement(\n\t\t\t\t\t'div',\n\t\t\t\t\t{ className: 'art-post-body' },\n\t\t\t\t\tReact.createElement(\n\t\t\t\t\t\t'div',\n\t\t\t\t\t\t{ className: 'art-post-inner art-article' },\n\t\t\t\t\t\tReact.createElement(\n\t\t\t\t\t\t\t'h2',\n\t\t\t\t\t\t\t{ className: 'art-postheader' },\n\t\t\t\t\t\t\tprops.image.title\n\t\t\t\t\t\t),\n\t\t\t\t\t\tReact.createElement('div', { className: 'cleared' }),\n\t\t\t\t\t\tReact.createElement(\n\t\t\t\t\t\t\t'div',\n\t\t\t\t\t\t\t{ className: 'art-postcontent' },\n\t\t\t\t\t\t\tReact.createElement('img', { src: 'images/' + props.image.url, alt: 'an image', style: { float: 'left' } }),\n\t\t\t\t\t\t\tprops.image.detail\n\t\t\t\t\t\t),\n\t\t\t\t\t\tReact.createElement('div', { className: 'cleared' })\n\t\t\t\t\t),\n\t\t\t\t\tReact.createElement('div', { className: 'cleared' })\n\t\t\t\t)\n\t\t\t),\n\t\t\tReact.createElement('div', { className: 'cleared' })\n\t\t),\n\t\tReact.createElement(ContentDetail, { image: props.image })\n\t);\n};\n\n// Export components\nmodule.export(\"default\",exports.default=(ImageDetail));","ast":null,"map":{"version":3,"sources":["/imports/ui/pages/image_detail.js"],"names":[],"mappings":";AACA,OAAO,KAAP,MAAkB,OAAlB;AACA,OAAO,aAAP,MAA0B,kBAA1B;;;AAGA,IAAM,cAAc,SAAd,WAAc,CAAC,KAAD,EAAW;AAC9B,QACC;AAAA;AAAA;AACc;AAAA;AAAA,KAAK,WAAU,6BAAf;AACR;AAAA;AAAA,MAAK,WAAU,UAAf;AACI,iCAAK,WAAU,aAAf,GADJ;AAEI,iCAAK,WAAU,aAAf,GAFJ;AAGI,iCAAK,WAAU,aAAf,GAHJ;AAII,iCAAK,WAAU,aAAf,GAJJ;AAKI,iCAAK,WAAU,aAAf,GALJ;AAMI,iCAAK,WAAU,aAAf,GANJ;AAOI,iCAAK,WAAU,aAAf,GAPJ;AAQI,iCAAK,WAAU,aAAf,GARJ;AASI,iCAAK,WAAU,aAAf,GATJ;AAUI;AAAA;AAAA,OAAK,WAAU,eAAf;AACI;AAAA;AAAA,QAAK,WAAU,4BAAf;AACI;AAAA;AAAA,SAAI,WAAU,gBAAd;AAAgC,aAAM,KAAN,CAAY;AAA5C,OADJ;AAEI,mCAAK,WAAU,SAAf,GAFJ;AAGI;AAAA;AAAA,SAAK,WAAU,iBAAf;AACC,oCAAK,KAAM,YAAY,MAAM,KAAN,CAAY,GAAnC,EAAyC,KAAI,UAA7C,EAAwD,OAAO,EAAC,OAAO,MAAR,EAA/D,GADD;AAEK,aAAM,KAAN,CAAY;AAFjB,OAHJ;AAOI,mCAAK,WAAU,SAAf;AAPJ,MADJ;AAUI,kCAAK,WAAU,SAAf;AAVJ;AAVJ,IADQ;AAwBV,gCAAK,WAAU,SAAf;AAxBU,GADd;AA4BG,sBAAC,aAAD,IAAe,OAAO,MAAM,KAA5B;AA5BH,EADD;AAgCC,CAjCF;;;AAoCA,eAAe,WAAf","file":"/imports/ui/pages/image_detail.js.map","sourcesContent":["// import react\nimport React from 'react';\nimport ContentDetail from './content_detail';\n\n//Create components\nconst ImageDetail = (props) => {\n\treturn (\n\t\t<div>\n                <div className=\"art-layout-cell art-content\">\n\t\t\t\t    <div className=\"art-post\">\n\t\t\t\t        <div className=\"art-post-tl\"></div>\n\t\t\t\t        <div className=\"art-post-tr\"></div>\n\t\t\t\t        <div className=\"art-post-bl\"></div>\n\t\t\t\t        <div className=\"art-post-br\"></div>\n\t\t\t\t        <div className=\"art-post-tc\"></div>\n\t\t\t\t        <div className=\"art-post-bc\"></div>\n\t\t\t\t        <div className=\"art-post-cl\"></div>\n\t\t\t\t        <div className=\"art-post-cr\"></div>\n\t\t\t\t        <div className=\"art-post-cc\"></div>\n\t\t\t\t        <div className=\"art-post-body\">\n\t\t\t\t            <div className=\"art-post-inner art-article\">\n\t\t\t\t                <h2 className=\"art-postheader\">{props.image.title}</h2>\n\t\t\t\t                <div className=\"cleared\"></div>\n\t\t\t\t                <div className=\"art-postcontent\">\n\t\t\t\t                \t<img src={ 'images/' + props.image.url } alt=\"an image\" style={{float: 'left'}} />\n\t\t\t\t                    {props.image.detail}\n\t\t\t\t                </div>\n\t\t\t\t                <div className=\"cleared\"></div>\n\t\t\t\t            </div>\n\t\t\t\t            <div className=\"cleared\"></div>\n\t\t\t\t        </div>\n\t\t\t\t      </div>\n\t\t\t\t  <div className=\"cleared\"></div>\n\t\t\t\t</div>\n\n\t\t\t\t\t<ContentDetail image={props.image} />\n\t\t</div>\n\t\t\t);\n\t}\n\n// Export components\nexport default ImageDetail;\n"]},"hash":"ed22e317d054d5f0bd085f8cbb1201197cdeb99f"}
