{"metadata":{"usedHelpers":[],"marked":[],"modules":{"imports":[{"source":"react","imported":["default"],"specifiers":[{"kind":"named","imported":"default","local":"React"}]},{"source":"react-router","imported":["IndexLink","Link"],"specifiers":[{"kind":"named","imported":"IndexLink","local":"IndexLink"},{"kind":"named","imported":"Link","local":"Link"}]}],"exports":{"exported":["ContactUs"],"specifiers":[{"kind":"local","local":"ContactUs","exported":"ContactUs"}]}}},"options":{"filename":"/imports/ui/pages/contact_us.js","filenameRelative":"/imports/ui/pages/contact_us.js","env":{},"retainLines":false,"highlightCode":true,"suppressDeprecationMessages":false,"presets":[],"plugins":[[[],{"polyfill":false}],[[],null],[[],null],[[],null],[[],null],[[],null],[[],null],[[],null],[[],null],[[],null],[[],null],[[],null],[[],null],[[],null],[[],{"loose":true}],[[],{"loose":true}],[[],null],[[],{"loose":true}],[[],null],[[],null],[[],null],[[],null],[[],null],[[],null],[[],null],[[],{"loose":true}],[[],null],[[],null],[[],null],[[],null],[[],null],[[],null],[[],null],[[],null]],"ignore":[],"code":true,"metadata":true,"ast":false,"comments":true,"compact":false,"minified":false,"sourceMap":true,"sourceMaps":true,"sourceMapTarget":"/imports/ui/pages/contact_us.js.map","sourceFileName":"/imports/ui/pages/contact_us.js","babelrc":false,"sourceType":"module","moduleIds":false,"passPerPreset":false,"basename":"contact_us"},"ignored":false,"code":"module.export({ContactUs:function(){return ContactUs}});var React;module.import('react',{\"default\":function(v){React=v}});var IndexLink,Link;module.import('react-router',{\"IndexLink\":function(v){IndexLink=v},\"Link\":function(v){Link=v}});\n\n\nvar ContactUs = function ContactUs() {\n\treturn React.createElement(\n\t\t'div',\n\t\tnull,\n\t\tReact.createElement(\n\t\t\t'h3',\n\t\t\tnull,\n\t\t\t'ContactUs'\n\t\t),\n\t\tReact.createElement(\n\t\t\t'form',\n\t\t\tnull,\n\t\t\tReact.createElement(\n\t\t\t\t'div',\n\t\t\t\t{ className: 'form-group' },\n\t\t\t\tReact.createElement(\n\t\t\t\t\t'label',\n\t\t\t\t\tnull,\n\t\t\t\t\t'Email'\n\t\t\t\t),\n\t\t\t\tReact.createElement('input', { placeholder: 'enter your email id', className: 'form-control' })\n\t\t\t),\n\t\t\tReact.createElement('div', { className: 'text-danger' }),\n\t\t\tReact.createElement(\n\t\t\t\t'button',\n\t\t\t\t{ className: 'btn btn-primary' },\n\t\t\t\t'Send!'\n\t\t\t)\n\t\t),\n\t\tReact.createElement(\n\t\t\t'div',\n\t\t\t{ className: 'art-footer' },\n\t\t\tReact.createElement('div', { className: 'art-footer-t' }),\n\t\t\tReact.createElement(\n\t\t\t\t'div',\n\t\t\t\t{ className: 'art-footer-body' },\n\t\t\t\tReact.createElement(\n\t\t\t\t\t'div',\n\t\t\t\t\t{ className: 'art-footer-center' },\n\t\t\t\t\tReact.createElement(\n\t\t\t\t\t\t'div',\n\t\t\t\t\t\t{ className: 'art-footer-wrapper' },\n\t\t\t\t\t\tReact.createElement(\n\t\t\t\t\t\t\t'div',\n\t\t\t\t\t\t\t{ className: 'art-footer-text' },\n\t\t\t\t\t\t\tReact.createElement(Link, { to: '#', className: 'art-rss-tag-icon', title: 'RSS' }),\n\t\t\t\t\t\t\tReact.createElement(\n\t\t\t\t\t\t\t\t'p',\n\t\t\t\t\t\t\t\tnull,\n\t\t\t\t\t\t\t\tReact.createElement(\n\t\t\t\t\t\t\t\t\tLink,\n\t\t\t\t\t\t\t\t\t{ to: '#' },\n\t\t\t\t\t\t\t\t\t'Link1'\n\t\t\t\t\t\t\t\t),\n\t\t\t\t\t\t\t\t' | ',\n\t\t\t\t\t\t\t\tReact.createElement(\n\t\t\t\t\t\t\t\t\tLink,\n\t\t\t\t\t\t\t\t\t{ to: '#' },\n\t\t\t\t\t\t\t\t\t'Link2'\n\t\t\t\t\t\t\t\t),\n\t\t\t\t\t\t\t\t' | ',\n\t\t\t\t\t\t\t\tReact.createElement(\n\t\t\t\t\t\t\t\t\tLink,\n\t\t\t\t\t\t\t\t\t{ to: '#' },\n\t\t\t\t\t\t\t\t\t'Link3'\n\t\t\t\t\t\t\t\t)\n\t\t\t\t\t\t\t),\n\t\t\t\t\t\t\tReact.createElement(\n\t\t\t\t\t\t\t\t'p',\n\t\t\t\t\t\t\t\tnull,\n\t\t\t\t\t\t\t\t'Copyright © 2011. All Rights Reserved.'\n\t\t\t\t\t\t\t),\n\t\t\t\t\t\t\tReact.createElement('div', { className: 'cleared' }),\n\t\t\t\t\t\t\tReact.createElement(\n\t\t\t\t\t\t\t\t'p',\n\t\t\t\t\t\t\t\t{ className: 'art-page-footer' },\n\t\t\t\t\t\t\t\tReact.createElement(\n\t\t\t\t\t\t\t\t\tLink,\n\t\t\t\t\t\t\t\t\t{ to: 'http://www.2createawebsite.com/artisteer' },\n\t\t\t\t\t\t\t\t\t'Website Template created with Artisteer'\n\t\t\t\t\t\t\t\t),\n\t\t\t\t\t\t\t\t'.'\n\t\t\t\t\t\t\t)\n\t\t\t\t\t\t)\n\t\t\t\t\t)\n\t\t\t\t),\n\t\t\t\tReact.createElement('div', { className: 'cleared' })\n\t\t\t)\n\t\t)\n\t);\n};","ast":null,"map":{"version":3,"sources":["/imports/ui/pages/contact_us.js"],"names":[],"mappings":"AAAA,OAAO,KAAP,MAAkB,OAAlB;AACA,SAAS,SAAT,EAAoB,IAApB,QAAgC,cAAhC;;AAGA,OAAO,IAAM,YAAY,SAAZ,SAAY,GAAM;AAC9B,QACC;AAAA;AAAA;AACC;AAAA;AAAA;AAAA;AAAA,GADD;AAEC;AAAA;AAAA;AACC;AAAA;AAAA,MAAK,WAAU,YAAf;AACC;AAAA;AAAA;AAAA;AAAA,KADD;AAEC,mCAAO,aAAY,qBAAnB,EAAyC,WAAU,cAAnD;AAFD,IADD;AAKC,gCAAK,WAAU,aAAf,GALD;AAMC;AAAA;AAAA,MAAQ,WAAU,iBAAlB;AAAA;AAAA;AAND,GAFD;AAUI;AAAA;AAAA,KAAK,WAAU,YAAf;AACO,gCAAK,WAAU,cAAf,GADP;AAEO;AAAA;AAAA,MAAK,WAAU,iBAAf;AACI;AAAA;AAAA,OAAK,WAAU,mBAAf;AACI;AAAA;AAAA,QAAK,WAAU,oBAAf;AACI;AAAA;AAAA,SAAK,WAAU,iBAAf;AACI,2BAAC,IAAD,IAAM,IAAG,GAAT,EAAa,WAAU,kBAAvB,EAA0C,OAAM,KAAhD,GADJ;AAGQ;AAAA;AAAA;AAAG;AAAC,aAAD;AAAA,WAAM,IAAG,GAAT;AAAA;AAAA,SAAH;AAAA;AAA+B;AAAC,aAAD;AAAA,WAAM,IAAG,GAAT;AAAA;AAAA,SAA/B;AAAA;AAA2D;AAAC,aAAD;AAAA,WAAM,IAAG,GAAT;AAAA;AAAA;AAA3D,QAHR;AAIQ;AAAA;AAAA;AAAA;AAAA,QAJR;AAMM,oCAAK,WAAU,SAAf,GANN;AAOM;AAAA;AAAA,UAAG,WAAU,iBAAb;AAA+B;AAAC,aAAD;AAAA,WAAM,IAAG,0CAAT;AAAA;AAAA,SAA/B;AAAA;AAAA;AAPN;AADJ;AADJ,KADJ;AAcI,iCAAK,WAAU,SAAf;AAdJ;AAFP;AAVJ,EADD;AAiCA,CAlCM","file":"/imports/ui/pages/contact_us.js.map","sourcesContent":["import React from 'react';\nimport { IndexLink, Link } from 'react-router';\n\n\nexport const ContactUs = () => {\n\treturn (\n\t\t<div>\n\t\t\t<h3>ContactUs</h3>\n\t\t\t<form>\n\t\t\t\t<div className=\"form-group\">\n\t\t\t\t\t<label>Email</label>\n\t\t\t\t\t<input placeholder='enter your email id' className=\"form-control\" />\n\t\t\t\t</div>\n\t\t\t\t<div className=\"text-danger\"></div>\n\t\t\t\t<button className=\"btn btn-primary\">Send!</button>\n\t\t    </form>\n\t\t    <div className=\"art-footer\">\n\t            <div className=\"art-footer-t\"></div>\n\t            <div className=\"art-footer-body\">\n\t                <div className=\"art-footer-center\">\n\t                    <div className=\"art-footer-wrapper\">\n\t                        <div className=\"art-footer-text\">\n\t                            <Link to=\"#\" className=\"art-rss-tag-icon\" title=\"RSS\"></Link>\n\t                              \n\t                                <p><Link to=\"#\">Link1</Link> | <Link to=\"#\">Link2</Link> | <Link to=\"#\">Link3</Link></p>\n\t                                <p>Copyright © 2011. All Rights Reserved.</p>\n\n\t                              <div className=\"cleared\"></div>\n\t                              <p className=\"art-page-footer\"><Link to=\"http://www.2createawebsite.com/artisteer\">Website Template created with Artisteer</Link>.</p>\n\t                        </div>\n\t                    </div>\n\t                </div>\n\t                <div className=\"cleared\"></div>\n\t            </div>\n\t        </div>\n\t\t\n\t\t</div>\n\t\t);\n}"]},"hash":"fbdf8956a81b39c7db9ceea1f71253c67348b4ab"}
