{"metadata":{"usedHelpers":[],"marked":[],"modules":{"imports":[{"source":"react","imported":["default"],"specifiers":[{"kind":"named","imported":"default","local":"React"}]},{"source":"react-router","imported":["Link"],"specifiers":[{"kind":"named","imported":"Link","local":"Link"}]}],"exports":{"exported":["Header"],"specifiers":[{"kind":"local","local":"Header","exported":"Header"}]}}},"options":{"filename":"/imports/ui/components/header.js","filenameRelative":"/imports/ui/components/header.js","env":{},"retainLines":false,"highlightCode":true,"suppressDeprecationMessages":false,"presets":[],"plugins":[[[],{"polyfill":false}],[[],null],[[],null],[[],null],[[],null],[[],null],[[],null],[[],null],[[],null],[[],null],[[],null],[[],null],[[],null],[[],null],[[],null],[[],null],[[],{"loose":true}],[[],{"loose":true}],[[],null],[[],{"loose":true}],[[],null],[[],null],[[],null],[[],null],[[],null],[[],null],[[],null],[[],{"loose":true}],[[],null],[[],null],[[],null],[[],null],[[],null],[[],null],[[],null],[[],null]],"ignore":[],"code":true,"metadata":true,"ast":false,"comments":true,"compact":false,"minified":false,"sourceMap":true,"sourceMaps":true,"sourceMapTarget":"/imports/ui/components/header.js.map","sourceFileName":"/imports/ui/components/header.js","babelrc":false,"sourceType":"module","moduleIds":false,"passPerPreset":false,"basename":"header"},"ignored":false,"code":"module.export({Header:function(){return Header}});var React;module.import('react',{\"default\":function(v){React=v}});var Link;module.import('react-router',{\"Link\":function(v){Link=v}});//import React\n\n\n\n// Create Component & export here\n\nvar Header = function Header() {\n\treturn React.createElement(\n\t\t'div',\n\t\tnull,\n\t\t'Bahut sahi... beta'\n\t);\n};","ast":null,"map":{"version":3,"sources":["/imports/ui/components/header.js"],"names":[],"mappings":";AACA,OAAO,KAAP,MAAkB,OAAlB;AACA,SAAS,IAAT,QAAqB,cAArB;;;;AAKA,OAAO,IAAM,SAAS,SAAT,MAAS,GAAM;AAC3B,QAAQ;AAAA;AAAA;AAAA;AAAA,EAAR;AACA,CAFM","file":"/imports/ui/components/header.js.map","sourcesContent":["//import React\nimport React from 'react';\nimport { Link } from 'react-router';\n\n\n// Create Component & export here\n\nexport const Header = () => {\n\treturn (<div>Bahut sahi... beta</div>);\n}"]},"hash":"fde654001689e47b312dda078993e942aac68f20"}
