{"metadata":{"usedHelpers":[],"marked":[],"modules":{"imports":[{"source":"react","imported":["default"],"specifiers":[{"kind":"named","imported":"default","local":"React"}]},{"source":"react-router","imported":["IndexLink","Link"],"specifiers":[{"kind":"named","imported":"IndexLink","local":"IndexLink"},{"kind":"named","imported":"Link","local":"Link"}]}],"exports":{"exported":["Navigation"],"specifiers":[{"kind":"local","local":"Navigation","exported":"Navigation"}]}}},"options":{"filename":"/imports/ui/components/navigation.js","filenameRelative":"/imports/ui/components/navigation.js","env":{},"retainLines":false,"highlightCode":true,"suppressDeprecationMessages":false,"presets":[],"plugins":[[[],{"polyfill":false}],[[],null],[[],null],[[],null],[[],null],[[],null],[[],null],[[],null],[[],null],[[],null],[[],null],[[],null],[[],null],[[],null],[[],{"loose":true}],[[],{"loose":true}],[[],null],[[],{"loose":true}],[[],null],[[],null],[[],null],[[],null],[[],null],[[],null],[[],null],[[],{"loose":true}],[[],null],[[],null],[[],null],[[],null],[[],null],[[],null],[[],null],[[],null]],"ignore":[],"code":true,"metadata":true,"ast":false,"comments":true,"compact":false,"minified":false,"sourceMap":true,"sourceMaps":true,"sourceMapTarget":"/imports/ui/components/navigation.js.map","sourceFileName":"/imports/ui/components/navigation.js","babelrc":false,"sourceType":"module","moduleIds":false,"passPerPreset":false,"basename":"navigation"},"ignored":false,"code":"module.export({Navigation:function(){return Navigation}});var React;module.import('react',{\"default\":function(v){React=v}});var IndexLink,Link;module.import('react-router',{\"IndexLink\":function(v){IndexLink=v},\"Link\":function(v){Link=v}});\n\n\nvar Navigation = function Navigation() {\n\n    return React.createElement(\n        'div',\n        null,\n        React.createElement(\n            'div',\n            { className: 'art-nav' },\n            React.createElement('div', { className: 'art-nav-l' }),\n            React.createElement('div', { className: 'art-nav-r' }),\n            React.createElement(\n                'div',\n                { className: 'art-nav-outer' },\n                React.createElement(\n                    'div',\n                    { className: 'art-nav-wrapper' },\n                    React.createElement(\n                        'div',\n                        { className: 'art-nav-inner' },\n                        React.createElement(\n                            'ul',\n                            { className: 'art-hmenu' },\n                            React.createElement(\n                                'li',\n                                null,\n                                React.createElement(\n                                    Link,\n                                    { to: '/', className: 'active' },\n                                    React.createElement('span', { className: 'l' }),\n                                    React.createElement('span', { className: 'r' }),\n                                    React.createElement(\n                                        'span',\n                                        { className: 't' },\n                                        'Home'\n                                    )\n                                )\n                            ),\n                            React.createElement(\n                                'li',\n                                { className: 'art-hmenu-li-separator' },\n                                React.createElement(\n                                    'span',\n                                    { className: 'art-hmenu-separator' },\n                                    ' '\n                                )\n                            ),\n                            React.createElement(\n                                'li',\n                                null,\n                                React.createElement(\n                                    Link,\n                                    { to: '/about_us' },\n                                    React.createElement('span', { className: 'l' }),\n                                    React.createElement('span', { className: 'r' }),\n                                    React.createElement(\n                                        'span',\n                                        { className: 't' },\n                                        'About Us'\n                                    )\n                                )\n                            ),\n                            React.createElement(\n                                'li',\n                                null,\n                                React.createElement(\n                                    Link,\n                                    { to: '/contact_us' },\n                                    React.createElement('span', { className: 'l' }),\n                                    React.createElement('span', { className: 'r' }),\n                                    React.createElement(\n                                        'span',\n                                        { className: 't' },\n                                        'Contact Us'\n                                    )\n                                )\n                            )\n                        )\n                    )\n                )\n            )\n        ),\n        React.createElement(\n            'div',\n            { className: 'art-header' },\n            React.createElement(\n                'div',\n                { className: 'art-header-clip' },\n                React.createElement(\n                    'div',\n                    { className: 'art-header-center' },\n                    React.createElement('div', { className: 'art-header-jpeg' })\n                )\n            ),\n            React.createElement(\n                'div',\n                { className: 'art-header-wrapper' },\n                React.createElement(\n                    'div',\n                    { className: 'art-header-inner' },\n                    React.createElement(\n                        'div',\n                        { className: 'art-logo' },\n                        React.createElement(\n                            'h1',\n                            { className: 'art-logo-name' },\n                            React.createElement(\n                                Link,\n                                { to: '/' },\n                                'First Meteor App'\n                            )\n                        ),\n                        React.createElement(\n                            'h2',\n                            { className: 'art-logo-text' },\n                            'Every thing creates problem only in initial satge.'\n                        )\n                    )\n                )\n            )\n        )\n    );\n};","ast":null,"map":{"version":3,"sources":["/imports/ui/components/navigation.js"],"names":[],"mappings":"AAAA,OAAO,KAAP,MAAkB,OAAlB;AACA,SAAS,SAAT,EAAoB,IAApB,QAAgC,cAAhC;;AAEA,OAAO,IAAM,aAAa,SAAb,UAAa,GAAM;;AAE9B,WACE;AAAA;AAAA;AACI;AAAA;AAAA,cAAK,WAAU,SAAf;AACI,yCAAK,WAAU,WAAf,GADJ;AAEI,yCAAK,WAAU,WAAf,GAFJ;AAGI;AAAA;AAAA,kBAAK,WAAU,eAAf;AACI;AAAA;AAAA,sBAAK,WAAU,iBAAf;AACI;AAAA;AAAA,0BAAK,WAAU,eAAf;AACI;AAAA;AAAA,8BAAI,WAAU,WAAd;AACE;AAAA;AAAA;AACE;AAAC,wCAAD;AAAA,sCAAM,IAAG,GAAT,EAAa,WAAU,QAAvB;AAAgC,kEAAM,WAAU,GAAhB,GAAhC;AAA2D,kEAAM,WAAU,GAAhB,GAA3D;AAAsF;AAAA;AAAA,0CAAM,WAAU,GAAhB;AAAA;AAAA;AAAtF;AADF,6BADF;AAGO;AAAA;AAAA,kCAAI,WAAU,wBAAd;AAAuC;AAAA;AAAA,sCAAM,WAAU,qBAAhB;AAAA;AAAA;AAAvC,6BAHP;AAIE;AAAA;AAAA;AACE;AAAC,wCAAD;AAAA,sCAAM,IAAG,WAAT;AAAqB,kEAAM,WAAU,GAAhB,GAArB;AAAgD,kEAAM,WAAU,GAAhB,GAAhD;AAA2E;AAAA;AAAA,0CAAM,WAAU,GAAhB;AAAA;AAAA;AAA3E;AADF,6BAJF;AAOE;AAAA;AAAA;AACE;AAAC,wCAAD;AAAA,sCAAM,IAAG,aAAT;AAAuB,kEAAM,WAAU,GAAhB,GAAvB;AAAkD,kEAAM,WAAU,GAAhB,GAAlD;AAA6E;AAAA;AAAA,0CAAM,WAAU,GAAhB;AAAA;AAAA;AAA7E;AADF;AAPF;AADJ;AADJ;AADJ;AAHJ,SADJ;AAsBI;AAAA;AAAA,cAAK,WAAU,YAAf;AACM;AAAA;AAAA,kBAAK,WAAU,iBAAf;AACI;AAAA;AAAA,sBAAK,WAAU,mBAAf;AACI,iDAAK,WAAU,iBAAf;AADJ;AADJ,aADN;AAMM;AAAA;AAAA,kBAAK,WAAU,oBAAf;AACI;AAAA;AAAA,sBAAK,WAAU,kBAAf;AACI;AAAA;AAAA,0BAAK,WAAU,UAAf;AACI;AAAA;AAAA,8BAAI,WAAU,eAAd;AAA8B;AAAC,oCAAD;AAAA,kCAAM,IAAG,GAAT;AAAA;AAAA;AAA9B,yBADJ;AAEQ;AAAA;AAAA,8BAAI,WAAU,eAAd;AAAA;AAAA;AAFR;AADJ;AADJ;AANN;AAtBJ,KADF;AAwCD,CA1CM","file":"/imports/ui/components/navigation.js.map","sourcesContent":["import React from 'react';\nimport { IndexLink, Link } from 'react-router';\n\nexport const Navigation = () => {\n\n  return (\n    <div>\n        <div className=\"art-nav\">\n            <div className=\"art-nav-l\"></div>\n            <div className=\"art-nav-r\"></div>\n            <div className=\"art-nav-outer\">\n                <div className=\"art-nav-wrapper\">\n                    <div className=\"art-nav-inner\">\n                        <ul className=\"art-hmenu\">\n                          <li>\n                            <Link to=\"/\" className=\"active\"><span className=\"l\"></span><span className=\"r\"></span><span className=\"t\">Home</span></Link>\n                          </li><li className=\"art-hmenu-li-separator\"><span className=\"art-hmenu-separator\"> </span></li> \n                          <li>\n                            <Link to=\"/about_us\"><span className=\"l\"></span><span className=\"r\"></span><span className=\"t\">About Us</span></Link>\n                          </li> \n                          <li>\n                            <Link to=\"/contact_us\"><span className=\"l\"></span><span className=\"r\"></span><span className=\"t\">Contact Us</span></Link>\n                          </li> \n                        </ul>\n                    </div>\n                </div>\n            </div>\n        </div>\n        <div className=\"art-header\">\n              <div className=\"art-header-clip\">\n                  <div className=\"art-header-center\">\n                      <div className=\"art-header-jpeg\"></div>\n                  </div>\n              </div>\n              <div className=\"art-header-wrapper\">\n                  <div className=\"art-header-inner\">\n                      <div className=\"art-logo\">\n                          <h1 className=\"art-logo-name\"><Link to=\"/\">First Meteor App</Link></h1>\n                              <h2 className=\"art-logo-text\">Every thing creates problem only in initial satge.</h2>\n                      </div>\n                  </div>\n              </div>\n          </div>\n    </div>\n  );\n}"]},"hash":"fe21c46b7f7f4c723af0cbb415f0cecc5b5e8cb3"}
